X,Y,NAME,ACRES_RPT,ACRES_CALC,COMMENT,RUCODE,FULL_LABEL,INCIDENT_N,DECADE,MONTH,DAY,RX_BURN,NAMELABEL,UIDENT,ACRES,STATE,YEAR,UNIT_ID,FIRE_NUM,FIRE_NAME,AGENCY,ALARM_DATE,CONT_DATE,C_METHOD,CAUSE,REPORT_AC,INC_NUM,CONTR_NUM,PROJ_NAME,BURN_DATE,END_DATE,RX_TYPE,RX_CONSUM,Hectares
62998.25811,-408603.0248,,118,124,Date unknown,,0/00/00,,0,0,0,,"
0/00/00
118",194VENT_CO,124.299,CA,0,VNC,,,VNC,,,0,0,0,,,,,,0,0,50.30206985
61806.94318,-407860.6327,,359,359,Date unknown,,0/00/00,,0,0,0,,"
0/00/00
359",117VENT_CO,359.32,CA,0,VNC,,,VNC,,,0,0,0,,,,,,0,0,145.4118378
63298.66554,-412936.6523,Taylor Ranch,50,49,Date unknown,,0/00/00,,0,0,0,,"Taylor Ranch
0/00/00
50",57VENT_CO,49.24,CA,0,VNC,,Taylor Ranch,VNC,,,0,0,0,,,,,,0,0,19.92691646
62568.95818,-412836.5083,Taylor Ranch,145,144,Date unknown,,0/00/00,,0,0,0,,"Taylor Ranch
0/00/00
145",10VENT_CO,144.66,CA,0,VNC,,Taylor Ranch,VNC,,,0,0,0,,,,,,0,0,58.54189889
67118.18052,-392685.1673,Cozy Dell,3200,2975,,,1898/09/01,,1890,9,1,,"Cozy Dell
1898/09/01
3200",63VENT_CO,2974.169,CA,1898,VNC,,Cozy Dell,VNC,,,0,0,0,,,,,,0,0,1203.60352
58277.75706,-396457.0305,Los Padres,21200,20546,,,1898/09/01,,1890,9,1,,"Los Padres
1898/09/01
21200",2VENT_CO,20537.214,CA,1898,VNC,,Los Padres,VNC,,,0,0,0,,,,,,0,0,8311.11582
64893.44768,-392802.2083,Matilija,14000,2641,Rpt > Calc'd,,1898/04/01,,1890,4,1,,"Matilija
1898/04/01
14000",123VENT_CO,2640.732,CA,1898,VNC,,Matilija,VNC,,,0,0,0,,,,,,0,0,1068.666136
62415.71011,-399533.0521,Feroud / Aliso,500,731,,,8/1/1902,,1900,8,1,,"Feroud / Aliso
1902/08/01
500",124VENT_CO,731.389,CA,1902,VNC,,Feroud / Aliso,VNC,,,0,0,0,,,,,,0,0,295.9827715
68796.04835,-397968.6795,San Antonio,570,380,,,10/1/1903,,1900,10,1,,"San Antonio
1903/10/01
570",127VENT_CO,380.205,CA,1903,VNC,,San Antonio,VNC,,,0,0,0,,,,,,0,0,153.8633391
75353.95308,-396420.5747,Reeves,600,859,,,7/1/1908,,1900,7,1,,"Reeves
1908/07/01
600",74VENT_CO,859.24,CA,1908,VNC,,Reeves,VNC,,,0,0,0,,,,,,0,0,347.7219824
77145.45846,-392777.6367,Horn Canyon,3600,3174,,,9/1/1909,,1900,9,1,,"Horn Canyon
1909/09/01
3600",76VENT_CO,3173.982,CA,1909,VNC,,Horn Canyon,VNC,,,0,0,0,,,,,,0,0,1284.464874
56098.5621,-398188.1625,Coyote Creek,11500,11230,,,7/1/1910,,1910,7,1,,"Coyote Creek
1910/07/01
11500",154VENT_CO,11225.381,CA,1910,VNC,,Coyote Creek,VNC,,,0,0,0,,,,,,0,0,4542.750492
92825.18728,-396865.1055,,484,484,,,1911/00/00,,1910,0,0,,"
1911/00/00
484",LPNF19110204,484.719,CA,1911,VNC,,,VNC,,,0,0,0,,,,,,0,0,196.1589448
69635.65528,-394778.4924,Grand Avenue,241,197,,,2/1/1912,,1910,2,1,,"Grand Avenue
1912/02/01
241",50VENT_CO,197.01,CA,1912,VNC,,Grand Avenue,VNC,,,0,0,0,,,,,,0,0,79.72696505
104578.4045,-399929.9834,,126,126,,,1912/00/00,,1910,0,0,,"
1912/00/00
126",LPNF19120209,126.494,CA,1912,VNC,,,VNC,,,0,0,0,,,,,,0,0,51.1901273
103070.0439,-399229.0446,,913,913,,,1912/00/00,,1910,0,0,,"
1912/00/00
913",LPNF19120208,912.98,CA,1912,VNC,,,VNC,,,0,0,0,,,,,,0,0,369.4699473
113465.5721,-396337.0265,,303,303,,,1912/00/00,,1910,0,0,,"
1912/00/00
303",LPNF19120206,303.401,CA,1912,VNC,,,VNC,,,0,0,0,,,,,,0,0,122.7820341
53510.35715,-400180.2846,,632,632,,,1913/00/00,,1910,0,0,,"
1913/00/00
632",LPNF19130207,631.873,CA,1913,VNC,,,VNC,,,0,0,0,,,,,,0,0,255.7100918
107510.9679,-399133.0644,,189,189,,,1914/00/00,,1910,0,0,,"
1914/00/00
189",LPNF19140212,189.308,CA,1914,VNC,,,VNC,,,0,0,0,,,,,,0,0,76.61034048
61543.21227,-399130.5944,,201,201,,,1914/00/00,,1910,0,0,,"
1914/00/00
201",LPNF19140211,201.244,CA,1914,VNC,,,VNC,,,0,0,0,,,,,,0,0,81.44052392
85236.43893,-397613.0762,,119,119,,,1914/00/00,,1910,0,0,,"
1914/00/00
119",LPNF19140210,119.701,CA,1914,VNC,,,VNC,,,0,0,0,,,,,,0,0,48.44147559
60933.0912,-401440.2969,,133,133,,,1915/00/00,,1910,0,0,,"
1915/00/00
133",LPNF19150219,133.342,CA,1915,VNC,,,VNC,,,0,0,0,,,,,,0,0,53.96150515
84309.06114,-398545.0675,,58,58,,,1915/00/00,,1910,0,0,,"
1915/00/00
58",LPNF19150218,58.326,CA,1915,VNC,,,VNC,,,0,0,0,,,,,,0,0,23.60354835
96760.95168,-397623.1812,,156,156,,,1915/00/00,,1910,0,0,,"
1915/00/00
156",LPNF19150217,156.14,CA,1915,VNC,,,VNC,,,0,0,0,,,,,,0,0,63.18774666
82517.38085,-389270.1963,,172,172,,,1915/00/00,,1910,0,0,,"
1915/00/00
172",LPNF19150999,172.738,CA,1915,VNC,,,VNC,,,0,0,0,,,,,,0,0,69.90473943
58395.76086,-387278.1497,,288,288,,,1915/00/00,,1910,0,0,,"
1915/00/00
288",LPNF19150049,288.846,CA,1915,VNC,,,VNC,,,0,0,0,,,,,,0,0,116.8917321
95740.67616,-373552.4619,,115,115,,,1915/00/00,,1910,0,0,,"
1915/00/00
115",LPNF19150213,115.339,CA,1915,VNC,,,VNC,,,0,0,0,,,,,,0,0,46.67588202
102315.0984,-360831.1953,,110,110,,,1915/00/00,,1910,0,0,,"
1915/00/00
110",LPNF19150004,110.486,CA,1915,VNC,,,VNC,,,0,0,0,,,,,,0,0,44.71225239
103837.1375,-360547.4304,,111,111,,,1915/00/00,,1910,0,0,,"
1915/00/00
111",LPNF19150019,111.561,CA,1915,VNC,,,VNC,,,0,0,0,,,,,,0,0,45.1471937
96947.84492,-398732.4519,,132,132,,,1916/00/00,,1910,0,0,,"
1916/00/00
132",LPNF19160205,132.472,CA,1916,VNC,,,VNC,,,0,0,0,,,,,,0,0,53.6097173
58472.95376,-398422.3362,,146,146,,,1916/00/00,,1910,0,0,,"
1916/00/00
146",LPNF19160204,146.308,CA,1916,VNC,,,VNC,,,0,0,0,,,,,,0,0,59.20878651
65004.32939,-392398.2463,Thatcher,26000,29645,,,6/1/1917,,1910,6,1,,"Thatcher
1917/06/01
26000",LPNF19170012,29634.35,CA,1917,VNC,,Thatcher,VNC,,,0,0,0,,,,,,0,0,11992.59602
105566.6527,-388789.5378,,44003,44003,,,1917/00/00,,1910,0,0,,"
1917/00/00
44003",LPNF19170065,44003.064,CA,1917,VNC,,,VNC,,,0,0,0,,,,,,0,0,17807.4084
44380.89474,-398012.1231,,19405,19405,,,1917/00/00,,1910,0,0,,"
1917/00/00
19405",LPNF19170011,19394.13,CA,1917,VNC,,,VNC,,,0,0,0,,,,,,0,0,7848.526023
95002.94232,-399689.3967,,59,59,,,1918/00/00,,1910,0,0,,"
1918/00/00
59",LPNF19180204,59.238,CA,1918,VNC,,,VNC,,,0,0,0,,,,,,0,0,23.97262257
110328.4474,-399636.7167,,2290,2290,,,1918/00/00,,1910,0,0,,"
1918/00/00
2290",LPNF19180202,2290.349,CA,1918,VNC,,,VNC,,,0,0,0,,,,,,0,0,926.8715485
78455.14243,-371782.3338,,73,73,,,1919/00/00,,1910,0,0,,"
1919/00/00
73",LPNF19190020,73.89,CA,1919,VNC,,,VNC,,,0,0,0,,,,,,0,0,29.90215384
78794.15568,-363299.8426,,479,479,,,1919/00/00,,1910,0,0,,"
1919/00/00
479",LPNF19190030,479.648,CA,1919,VNC,,,VNC,,,0,0,0,,,,,,0,0,194.1067482
90832.15237,-401948.0396,,182,182,,,1920/00/00,,1920,0,0,,"
1920/00/00
182",LPNF19200207,182.89,CA,1920,VNC,,,VNC,,,0,0,0,,,,,,0,0,74.01284017
53489.93959,-401735.0841,,176,176,,,1920/00/00,,1920,0,0,,"
1920/00/00
176",LPNF19200206,176.379,CA,1920,VNC,,,VNC,,,0,0,0,,,,,,0,0,71.37811428
84027.5967,-397679.697,,116,116,,,1920/00/00,,1920,0,0,,"
1920/00/00
116",LPNF19200998,116.458,CA,1920,VNC,,,VNC,,,0,0,0,,,,,,0,0,47.12894213
78187.64532,-378091.6069,,7857,7857,,,1920/00/00,,1920,0,0,,"
1920/00/00
7857",LPNF19200999,7855.77,CA,1920,VNC,,,VNC,,,0,0,0,,,,,,0,0,3179.117396
83220.88184,-398116.7882,,74,74,,,1921/00/00,,1920,0,0,,"
1921/00/00
74",LPNF19210211,74.241,CA,1921,VNC,,,VNC,,,0,0,0,,,,,,0,0,30.04428124
82070.80003,-396202.6018,,1588,1588,,,1921/00/00,,1920,0,0,,"
1921/00/00
1588",LPNF19210205,1588.258,CA,1921,VNC,,,VNC,,,0,0,0,,,,,,0,0,642.7451604
55612.0474,-386957.1397,,745,745,,,1921/00/00,,1920,0,0,,"
1921/00/00
745",LPNF19210024,745.246,CA,1921,VNC,,,VNC,,,0,0,0,,,,,,0,0,301.5905352
97453.51774,-356691.7579,,1047,1047,,,1921/00/00,,1920,0,0,,"
1921/00/00
1047",LPNF19210036,1047.458,CA,1921,VNC,,,VNC,,,0,0,0,,,,,,0,0,423.8912804
108469.9305,-399048.9607,,492,492,,,1922/00/00,,1920,0,0,,"
1922/00/00
492",LPNF19220207,492.951,CA,1922,VNC,,,VNC,,,0,0,0,,,,,,0,0,199.4900446
107085.25,-385157.1699,,425,425,,,1922/00/00,,1920,0,0,,"
1922/00/00
425",LPNF19220002,425.437,CA,1922,VNC,,,VNC,,,0,0,0,,,,,,0,0,172.1681885
86896.07869,-398351.2679,,442,442,,,1922/00/00,,1920,0,0,,"
1922/00/00
442",LPNF19220206,442.542,CA,1922,VNC,,,VNC,,,0,0,0,,,,,,0,0,179.0902848
78635.73185,-394650.8764,,256,256,,,1922/00/00,,1920,0,0,,"
1922/00/00
256",LPNF19220999,256.863,CA,1922,VNC,,,VNC,,,0,0,0,,,,,,0,0,103.948645
95002.77655,-370167.6143,,908,908,,,1922/00/00,,1920,0,0,,"
1922/00/00
908",LPNF19220030,908.047,CA,1922,VNC,,,VNC,,,0,0,0,,,,,,0,0,367.473382
96045.65621,-365307.225,,1372,1372,,,1922/00/00,,1920,0,0,,"
1922/00/00
1372",LPNF19220203,1372.616,CA,1922,VNC,,,VNC,,,0,0,0,,,,,,0,0,555.4779049
56924.23916,-396636.7115,,4233,4233,,,1923/00/00,,1920,0,0,,"
1923/00/00
4233",LPNF19230208,4231.986,CA,1923,VNC,,,VNC,,,0,0,0,,,,,,0,0,1712.623796
92639.51505,-369929.2511,,2156,2156,,,1923/00/00,,1920,0,0,,"
1923/00/00
2156",LPNF19230022,2155.733,CA,1923,VNC,,,VNC,,,0,0,0,,,,,,0,0,872.3942825
100739.872,-361472.8284,,71,71,,,1923/00/00,,1920,0,0,,"
1923/00/00
71",LPNF19230999,71.195,CA,1923,VNC,,,VNC,,,0,0,0,,,,,,0,0,28.81176253
112836.0914,-385798.2797,,373,373,,,1924/00/00,,1920,0,0,,"
1924/00/00
373",LPNF19240996,373.168,CA,1924,VNC,,,VNC,,,0,0,0,,,,,,0,0,151.0157191
93852.53233,-397820.9585,,971,971,,,1924/00/00,,1920,0,0,,"
1924/00/00
971",LPNF19240204,971.442,CA,1924,VNC,,,VNC,,,0,0,0,,,,,,0,0,393.1286818
94581.88858,-388468.5853,,122,122,,,1924/00/00,,1920,0,0,,"
1924/00/00
122",LPNF19240027,122.816,CA,1924,VNC,,,VNC,,,0,0,0,,,,,,0,0,49.70193705
49951.28709,-379329.0451,,172,172,,,1924/00/00,,1920,0,0,,"
1924/00/00
172",LPNF19240203,172.821,CA,1924,VNC,,,VNC,,,0,0,0,,,,,,0,0,69.93797862
55501.51385,-400803.1603,,8626,8626,,,1925/00/00,,1920,0,0,,"
1925/00/00
8626",LPNF19250201,8622.799,CA,1925,VNC,,,VNC,,,0,0,0,,,,,,0,0,3489.522905
107730.8838,-392651.6289,,2620,2620,,,1925/00/00,,1920,0,0,,"
1925/00/00
2620",LPNF19250004,2620.615,CA,1925,VNC,,,VNC,,,0,0,0,,,,,,0,0,1060.525406
81212.3951,-392997.5262,,194,194,,,1926/00/00,,1920,0,0,,"
1926/00/00
194",LPNF19260002,194.343,CA,1926,VNC,,,VNC,,,0,0,0,,,,,,0,0,78.64778026
124695.2775,-416384.0763,Santa Susana-Vent. 1,648,648,,,7/18/1927,,1920,7,18,,"Santa Susana-Vent. 1
1927/07/18
648",GEOGDEPT6,649.099,CA,1927,VNC,,Santa Susana-Vent. 1,VNC,,,0,0,0,,,,,,0,0,262.6809551
94636.95502,-400052.323,,654,654,,,1927/00/00,,1920,0,0,,"
1927/00/00
654",LPNF19270207,654.77,CA,1927,VNC,,,VNC,,,0,0,0,,,,,,0,0,264.9761327
90798.31113,-398676.2777,,3360,3360,,,1927/00/00,,1920,0,0,,"
1927/00/00
3360",LPNF19270205,3359.83,CA,1927,VNC,,,VNC,,,0,0,0,,,,,,0,0,1359.675027
126447.0705,-416411.8968,,386,386,,,1927/00/00,,1920,0,0,,"
1927/00/00
386",CSULB2238,386.812,CA,1927,VNC,,,VNC,,,0,0,0,,,,,,0,0,156.5373706
126359.9602,-411175.1048,Russell Oil Well #60,1222,1222,,,11/20/1928,,1920,11,20,,"Russell Oil Well #60
1928/11/20
1222",GEOGDEPT7,1222.311,CA,1928,VNC,,Russell Oil Well #60,VNC,,,0,0,0,,,,,,0,0,494.6518202
117677.6579,-383595.6163,Ridge Fire #98,43463,43463,,,9/21/1928,,1920,9,21,,"Ridge Fire #98
1928/09/21
43463",GEOGDEPT17,43465.982,CA,1928,VNC,,Ridge Fire #98,VNC,,,0,0,0,,,,,,0,0,17590.05896
112387.0469,-386592.2026,,1665,1665,,,1928/00/00,,1920,0,0,,"
1928/00/00
1665",LPNF19280998,1665.165,CA,1928,VNC,,,VNC,,,0,0,0,,,,,,0,0,673.8683179
81301.58355,-393329.8388,,4781,4781,,,1928/00/00,,1920,0,0,,"
1928/00/00
4781",LPNF19280033,4780.21,CA,1928,VNC,,,VNC,,,0,0,0,,,,,,0,0,1934.482273
49098.80232,-390165.0525,,590,590,,,1928/00/00,,1920,0,0,,"
1928/00/00
590",LPNF19280019,590.138,CA,1928,VNC,,,VNC,,,0,0,0,,,,,,0,0,238.820485
93711.96113,-355268.8171,,1323,1323,,,1928/00/00,,1920,0,0,,"
1928/00/00
1323",LPNF19280009,1323.25,CA,1928,VNC,,,VNC,,,0,0,0,,,,,,0,0,535.5002517
126673.1012,-410459.6673,,1010,1010,,,1928/00/00,,1920,0,0,,"
1928/00/00
1010",CSULB1874,1010.663,CA,1928,VNC,,,VNC,,,0,0,0,,,,,,0,0,409.0009405
75025.29558,-400796.6161,29 Sulpher Mountain,19200,26518,,,9/16/1929,,1920,9,16,,"29 Sulpher Mountain
1929/09/16
19200",55VENT_CO,26510.448,CA,1929,VNC,,29 Sulpher Mountain,VNC,,,0,0,0,,,,,,0,0,10728.39769
81448.23024,-398122.2494,,5118,5118,,,1929/00/00,,1920,0,0,,"
1929/00/00
5118",LPNF19290204,5117.844,CA,1929,VNC,,,VNC,,,0,0,0,,,,,,0,0,2071.117803
88649.61706,-398362.2663,,49,49,,,1929/00/00,,1920,0,0,,"
1929/00/00
49",LPNF19290205,49.604,CA,1929,VNC,,,VNC,,,0,0,0,,,,,,0,0,20.0740861
109947.386,-395094.7442,Hopper Canyon,3400,2795,,,7/21/1929,,1920,7,21,,"
1929/00/00
2795",LPNF19290201,2795.246,CA,1929,VNC,,Hopper Canyon,VNC,,,0,0,0,,,,,,0,0,1131.196034
96735.12157,-393294.2996,,144,144,,,1929/00/00,,1920,0,0,,"
1929/00/00
144",LPNF19290027,144.094,CA,1929,VNC,,,VNC,,,0,0,0,,,,,,0,0,58.31280527
99441.64046,-436935.6971,Potrero No. 42,23000,8782,Calc'd acres less,,1930/11/00,,1930,11,0,,"Potrero No. 42
1930/11/00
23000",GCS48634685,8783.145,CA,1930,VNC,,Potrero No. 42,VNC,,,0,0,0,,,,,,0,0,3554.412853
117505.1332,-393167.2141,Leckler No. 57,153,153,,,7/4/1931,,1930,7,4,,"Leckler No. 57
1931/07/04
153",CSULB1443,153.194,CA,1931,VNC,,Leckler No. 57,VNC,,,0,0,0,,,,,,0,0,61.99553409
116168.9835,-427949.0728,Agoura No. 26,364,364,,,6/22/1931,,1930,6,22,,"Agoura No. 26
1931/06/22
364",CSULB3177,364.454,CA,1931,VNC,,Agoura No. 26,VNC,,,0,0,0,,,,,,0,0,147.4892326
88593.04166,-399022.7223,,68,68,,,1931/00/00,,1930,0,0,,"
1931/00/00
68",LPNF19310209,68.647,CA,1931,VNC,,,VNC,,,0,0,0,,,,,,0,0,27.78026136
111226.2318,-381340.8316,,711,711,,,1931/00/00,,1930,0,0,,"
1931/00/00
711",LPNF19310023,711.458,CA,1931,VNC,,,VNC,,,0,0,0,,,,,,0,0,287.9168307
84898.04679,-387173.569,Matilija,220000,220044,,,9/7/1932,,1930,9,7,,"Matilija
1932/09/07
220000",LPNF19320023,219967.175,CA,1932,VNC,,Matilija,VNC,,,0,0,0,,,,,,0,0,89017.55731
117697.0663,-394322.5697,Dominquez No. 57,98,98,,,6/24/1932,,1930,6,24,,"Dominquez No. 57
1932/06/24
98",CSULB1444,98.451,CA,1932,VNC,,Dominquez No. 57,VNC,,,0,0,0,,,,,,0,0,39.84157436
98512.00553,-399133.5641,,125,125,,,1932/00/00,,1930,0,0,,"
1932/00/00
125",LPNF19320201,125.129,CA,1932,VNC,,,VNC,,,0,0,0,,,,,,0,0,50.63796392
59954.98017,-406838.0492,Red Mountain,89,67,,,6/1/1933,,1930,6,1,,"Red Mountain
1933/06/01
89",120VENT_CO,67.497,CA,1933,VNC,,Red Mountain,VNC,,,0,0,0,,,,,,0,0,27.31524931
40612.95407,-372977.1336,,38242,38242,,,1933/00/00,,1930,0,0,,"
1933/00/00
38242",LPNF19330017,38217.416,CA,1933,VNC,,,VNC,,,0,0,0,,,,,,0,0,15466.0395
53850.37784,-406595.1728,Los Sauces,71,42,,,6/1/1934,,1930,6,1,,"Los Sauces
1934/06/01
71",7VENT_CO,42.964,CA,1934,VNC,,Los Sauces,VNC,,,0,0,0,,,,,,0,0,17.38698396
65779.06548,-412559.9924,Ventura Avenue,84,52,,,7/1/1935,,1930,7,1,,"Ventura Avenue
1935/07/01
84",114VENT_CO,52.932,CA,1935,VNC,,Ventura Avenue,VNC,,,0,0,0,,,,,,0,0,21.42099163
58942.46259,-410586.9151,Dulah,171,168,,,7/1/1935,,1930,7,1,,"Dulah
1935/07/01
171",9VENT_CO,168.016,CA,1935,VNC,,Dulah,VNC,,,0,0,0,,,,,,0,0,67.99358654
72258.41343,-394663.7707,San Antonio Creek,40,16,,,2/1/1935,,1930,2,1,,"San Antonio Creek
1935/02/01
40",12VENT_CO,16.453,CA,1935,VNC,,San Antonio Creek,VNC,,,0,0,0,,,,,,0,0,6.658249768
62738.38292,-414077.3482,Taylor Ranch,63,58,,,12/1/1936,,1930,12,1,,"Taylor Ranch
1936/12/01
63",115VENT_CO,58.69,CA,1936,VNC,,Taylor Ranch,VNC,,,0,0,0,,,,,,0,0,23.75119846
110382.6177,-394275.7219,Oil Ridge,500,284,,,10/10/1936,,1930,10,10,,"Oil Ridge
1936/10/10
500",176VENT_CO,284.212,CA,1936,VNC,,Oil Ridge,VNC,,,0,0,0,,,,,,0,0,115.0166783
113448.9554,-427403.1323,Medea Fire No. 23,141,141,,,6/20/1936,,1930,6,20,,"Medea Fire No. 23
1936/06/20
141",CSULB3176,141.087,CA,1936,VNC,,Medea Fire No. 23,VNC,,,0,0,0,,,,,,0,0,57.09570211
88493.58929,-401287.4989,Boosey,900,1031,,,1/26/1936,,1930,1,26,,"Boosey
1936/01/26
900",178VENT_CO,1031.427,CA,1936,VNC,,Boosey,VNC,,,0,0,0,,,,,,0,0,417.4035753
107080.6641,-385276.9916,,497,497,,,1936/00/00,,1930,0,0,,"
1936/00/00
497",LPNF19360031,497.943,CA,1936,VNC,,,VNC,,,0,0,0,,,,,,0,0,201.5103098
102717.3919,-369923.1173,,198,198,,,1936/00/00,,1930,0,0,,"
1936/00/00
198",LPNF19360027,198.085,CA,1936,VNC,,,VNC,,,0,0,0,,,,,,0,0,80.16199119
73681.15698,-397511.5366,Dennison,85,29,,,9/1/1937,,1930,9,1,,"Dennison
1937/09/01
85",130VENT_CO,29.344,CA,1937,VNC,,Dennison,VNC,,,0,0,0,,,,,,0,0,11.87509763
112965.8572,-390847.8222,,959,959,,,1937/00/00,,1930,0,0,,"
1937/00/00
959",LPNF19370999,959.915,CA,1937,VNC,,,VNC,,,0,0,0,,,,,,0,0,388.4639702
101718.9718,-375993.5011,,77,77,,,1937/00/00,,1930,0,0,,"
1937/00/00
77",LPNF19370030,77.21,CA,1937,VNC,,,VNC,,,0,0,0,,,,,,0,0,31.24586902
101129.9914,-374629.0657,,288,288,,,1937/00/00,,1930,0,0,,"
1937/00/00
288",LPNF19370009,288.416,CA,1937,VNC,,,VNC,,,0,0,0,,,,,,0,0,116.7177781
82878.43887,-400733.0601,La Cuesta,1682,1703,,,11/23/1938,,1930,11,23,,"La Cuesta
1938/11/23
1682",17VENT_CO,1702.864,CA,1938,VNC,,La Cuesta,VNC,,,0,0,0,,,,,,0,0,689.1247683
64653.74768,-411670.2752,Ventura River,277,286,,,11/1/1938,,1930,11,1,,"Ventura River
1938/11/01
277",113VENT_CO,285.971,CA,1938,VNC,,Ventura River,VNC,,,0,0,0,,,,,,0,0,115.7285271
62681.5902,-407181.4358,Red Mountain,1200,753,,,9/27/1938,,1930,9,27,,"Red Mountain
1938/09/27
1200",70VENT_CO,753.637,CA,1938,VNC,,Red Mountain,VNC,,,0,0,0,,,,,,0,0,304.9860272
122208.7184,-427436.6788,Bell Ranch No. 28,457,457,,,9/10/1938,,1930,9,10,,"Bell Ranch No. 28
1938/09/10
457",CSULB3144,457.644,CA,1938,VNC,,Bell Ranch No. 28,VNC,,,0,0,0,,,,,,0,0,185.2020053
65521.6552,-406770.1522,Weldon Canyon,83,58,,,7/1/1938,,1930,7,1,,"Weldon Canyon
1938/07/01
83",119VENT_CO,58.32,CA,1938,VNC,,Weldon Canyon,VNC,,,0,0,0,,,,,,0,0,23.60110713
88043.97532,-392354.7835,Edwards,4450,4772,,,11/22/1939,,1930,11,22,,"Edwards
1939/11/22
4450",110VENT_CO,4771.988,CA,1939,VNC,,Edwards,VNC,,,0,0,0,,,,,,0,0,1931.155183
61110.62511,-405072.3348,Ventura Avenue,47,32,,,11/1/1939,,1930,11,1,,"Ventura Avenue
1939/11/01
47",52VENT_CO,32.033,CA,1939,VNC,,Ventura Avenue,VNC,,,0,0,0,,,,,,0,0,12.96336625
73966.5913,-409873.8759,Harmon Canyon,1200,2333,,,9/20/1939,,1930,9,20,,"Harmon Canyon
1939/09/20
1200",56VENT_CO,2333.332,CA,1939,VNC,,Harmon Canyon,VNC,,,0,0,0,,,,,,0,0,944.2658405
69364.93007,-396470.0258,Ojai Avenue,39,24,,,6/1/1939,,1930,6,1,,"Ojai Avenue
1939/06/01
39",67VENT_CO,24.888,CA,1939,VNC,,Ojai Avenue,VNC,,,0,0,0,,,,,,0,0,10.07200917
91071.60728,-398265.8607,,166,166,,,1939/00/00,,1930,0,0,,"
1939/00/00
166",LPNF19390201,166.868,CA,1939,VNC,,,VNC,,,0,0,0,,,,,,0,0,67.52926501
96668.11734,-421415.3175,Camarillo Rifle Rang,1984,1411,,,10/18/1940,,1940,10,18,,"Camarillo Rifle Rang
1940/10/18
1984",165VENT_CO,1411.004,CA,1940,VNC,,Camarillo Rifle Rang,VNC,,,0,0,0,,,,,,0,0,571.0129916
97951.94517,-440005.8716,Sequit Fire No. 54,177,177,,,7/13/1940,,1940,7,13,,"Sequit Fire No. 54
1940/07/13
177",CSULB3193,177.774,CA,1940,VNC,,Sequit Fire No. 54,VNC,,,0,0,0,,,,,,0,0,71.94239576
98350.10059,-397055.6943,,223,223,,,1940/00/00,,1940,0,0,,"
1940/00/00
223",LPNF19400201,223.773,CA,1940,VNC,,,VNC,,,0,0,0,,,,,,0,0,90.55770771
98730.32377,-395644.462,,264,264,,,1940/00/00,,1940,0,0,,"
1940/00/00
264",LPNF19400200,264.149,CA,1940,VNC,,,VNC,,,0,0,0,,,,,,0,0,106.8974263
92584.15445,-370460.2239,,1265,1265,,,1940/00/00,,1940,0,0,,"
1940/00/00
1265",LPNF19400001,1265.747,CA,1940,VNC,,,VNC,,,0,0,0,,,,,,0,0,512.2297779
57531.56326,-405619.4612,Ortega Ranch,640,307,,,11/7/1941,,1940,11,7,,"Ortega Ranch
1941/11/07
640",54VENT_CO,307.238,CA,1941,VNC,,Ortega Ranch,VNC,,,0,0,0,,,,,,0,0,124.3348704
115873.8636,-411623.0249,Pacific Western,2500,1793,,,10/15/1941,,1940,10,15,,"Pacific Western
1941/10/15
2500",35VENT_CO,1793.681,CA,1941,VNC,,Pacific Western,VNC,,,0,0,0,,,,,,0,0,725.8768903
99580.1616,-357776.1782,,1282,1282,,,1941/00/00,,1940,0,0,,"
1941/00/00
1282",LPNF19410006,1282.751,CA,1941,VNC,,,VNC,,,0,0,0,,,,,,0,0,519.1109781
110066.2955,-404564.4431,Baker,1600,1628,,,11/2/1942,,1940,11,2,,"Baker
1942/11/02
1600",84VENT_CO,1628.915,CA,1942,VNC,,Baker,VNC,,,0,0,0,,,,,,0,0,659.1983733
91516.45805,-366831.8374,,3647,3647,,,1942/00/00,,1940,0,0,,"
1942/00/00
3647",LPNF19420018,3647.313,CA,1942,VNC,,,VNC,,,0,0,0,,,,,,0,0,1476.01536
67182.36976,-413577.9148,Sanjon Barranca,754,1039,,,11/9/1943,,1940,11,9,,"Sanjon Barranca
1943/11/09
754",75VENT_CO,1039.16,CA,1943,VNC,,Sanjon Barranca,VNC,,,0,0,0,,,,,,0,0,420.5329559
121146.4334,-410034.1759,Bellanger Ranch,2500,1447,,,11/2/1943,,1940,11,2,,"Bellanger Ranch
1943/11/02
2500",41VENT_CO,1447.526,CA,1943,VNC,,Bellanger Ranch,VNC,,,0,0,0,,,,,,0,0,585.7929265
94329.62029,-404649.2826,Dickenson,640,426,,,9/22/1943,,1940,9,22,,"Dickenson
1943/09/22
640",106VENT_CO,426.483,CA,1943,VNC,,Dickenson,VNC,,,0,0,0,,,,,,0,0,172.5914474
123968.9262,-397926.2111,Newhall Fire No. 197,2031,2031,,,9/17/1943,,1940,9,17,,"Newhall Fire No. 197
1943/09/17
2031",CSULB2373,2031.893,CA,1943,VNC,,Newhall Fire No. 197,VNC,,,0,0,0,,,,,,0,0,822.2779591
95338.68523,-407637.2382,Jones Canyon,600,521,,,8/18/1943,,1940,8,18,,"Jones Canyon
1943/08/18
600",180VENT_CO,521.525,CA,1943,VNC,,Jones Canyon,VNC,,,0,0,0,,,,,,0,0,211.0536503
104398.864,-388925.3935,,102,102,,,1943/00/00,,1940,0,0,,"
1943/00/00
102",LPNF19430055,102.359,CA,1943,VNC,,,VNC,,,0,0,0,,,,,,0,0,41.42341641
66139.17561,-405864.3456,Train Ranch,2880,2794,,,9/23/1944,,1940,9,23,,"Train Ranch
1944/09/23
2880",72VENT_CO,2793.356,CA,1944,VNC,,Train Ranch,VNC,,,0,0,0,,,,,,0,0,1130.430951
99030.55051,-408754.4615,Long Canyon,600,461,,,8/3/1944,,1940,8,3,,"Long Canyon
1944/08/03
600",181VENT_CO,461.475,CA,1944,VNC,,Long Canyon,VNC,,,0,0,0,,,,,,0,0,186.7521069
64744.38298,-399715.0619,Ventura Avenue,28,7,,,8/1/1944,,1940,8,1,,"Ventura Avenue
1944/08/01
28",160VENT_CO,7.824,CA,1944,VNC,,Ventura Avenue,VNC,,,0,0,0,,,,,,0,0,3.166317506
64703.27358,-394861.8513,Rice Canyon,55,27,,,6/1/1944,,1940,6,1,,"Rice Canyon
1944/06/01
55",65VENT_CO,27.242,CA,1944,VNC,,Rice Canyon,VNC,,,0,0,0,,,,,,0,0,11.02451085
119158.8461,-410385.4838,Tapo #2,600,378,Rpt > Calc'd,,10/1/1945,,1940,10,1,,"Tapo #2
1945/10/01
600",88VENT_CO,378.588,CA,1945,VNC,,Tapo #2,VNC,,,0,0,0,,,,,,0,0,153.2089269
72530.65819,-394219.264,Gridley Canyon,32,17,,,9/1/1945,,1940,9,1,,"Gridley Canyon
1945/09/01
32",132VENT_CO,17.754,CA,1945,VNC,,Gridley Canyon,VNC,,,0,0,0,,,,,,0,0,7.184666657
116580.6101,-405977.242,Long Canyon,500,442,,,8/5/1945,,1940,8,5,,"Long Canyon
1945/08/05
500",86VENT_CO,442.898,CA,1945,VNC,,Long Canyon,VNC,,,0,0,0,,,,,,0,0,179.234596
64078.80636,-395095.6237,,109,109,,,1945/00/00,,1940,0,0,,"
1945/00/00
109",LPNF19450205,109.891,CA,1945,VNC,,,VNC,,,0,0,0,,,,,,0,0,44.47149891
72104.63454,-394408.0642,,184,184,,,1945/00/00,,1940,0,0,,"
1945/00/00
184",LPNF19450204,184.541,CA,1945,VNC,,,VNC,,,0,0,0,,,,,,0,0,74.68121282
97569.06278,-407994.1569,Wiley Canyon,16000,21264,,,11/2/1946,,1940,11,2,,"Wiley Canyon
1946/11/02
16000",211VENT_CO,21263.75,CA,1946,VNC,,Wiley Canyon,VNC,,,0,0,0,,,,,,0,0,8605.134328
76148.97671,-396442.0986,Reeves,91,35,,,11/1/1946,,1940,11,1,,"Reeves
1946/11/01
91",128VENT_CO,35.452,CA,1946,VNC,,Reeves,VNC,,,0,0,0,,,,,,0,0,14.34690302
61976.1596,-405298.8797,Coyote Creek,43,44,,,10/1/1946,,1940,10,1,,"Coyote Creek
1946/10/01
43",71VENT_CO,44.405,CA,1946,VNC,,Coyote Creek,VNC,,,0,0,0,,,,,,0,0,17.97025987
64802.69925,-400662.165,Ojai Avenue,95,21,,,6/1/1946,,1940,6,1,,"Ojai Avenue
1946/06/01
95",186VENT_CO,21.602,CA,1946,VNC,,Ojai Avenue,VNC,,,0,0,0,,,,,,0,0,8.741861711
93684.71313,-435422.9559,La Fouge,640,506,,,11/7/1947,,1940,11,7,,"La Fouge
1947/11/07
640",20VENT_CO,506.91,CA,1947,VNC,,La Fouge,VNC,,,0,0,0,,,,,,0,0,205.1393465
125835.7726,-418032.3601,Manor Fire No. 144,1306,1306,,,7/3/1947,,1940,7,3,,"Manor Fire No. 144
1947/07/03
1306",CSULB2242,1307.13,CA,1947,VNC,,Manor Fire No. 144,VNC,,,0,0,0,,,,,,0,0,528.9769045
68630.6964,-389865.8092,Wheeler Springs,25000,22503,,,9/12/1948,,1940,9,12,,"Wheeler Springs
1948/09/12
25000",LPNF19480015,22495.736,CA,1948,VNC,,Wheeler Springs,VNC,,,0,0,0,,,,,,0,0,9103.701371
52571.55748,-403780.8305,West Casitas Pass,179,101,,,1/1/1948,,1940,1,1,,"West Casitas Pass
1948/01/01
179",189VENT_CO,101.455,CA,1948,VNC,,West Casitas Pass,VNC,,,0,0,0,,,,,,0,0,41.05729497
92500.16186,-357842.9673,,774,774,,,1948/00/00,,1940,0,0,,"
1948/00/00
774",LPNF19480007,774.054,CA,1948,VNC,,,VNC,,,0,0,0,,,,,,0,0,313.2484683
115741.4145,-423016.0581,Simi Hills,19000,20573,,,10/31/1949,,1940,10,31,,"Simi Hills
1949/10/31
19000",94VENT_CO,20577.1,CA,1949,VNC,,Simi Hills,VNC,,,0,0,0,,,,,,0,0,8327.256828
61838.36297,-401809.0896,Casitas,91,46,,,10/1/1949,,1940,10,1,,"Casitas
1949/10/01
91",159VENT_CO,46.825,CA,1949,VNC,,Casitas,VNC,,,0,0,0,,,,,,0,0,18.94936277
68759.55965,-396459.2854,Ventura Avenue,32,53,,,5/1/1949,,1940,5,1,,"Ventura Avenue
1949/05/01
32",184VENT_CO,53.393,CA,1949,VNC,,Ventura Avenue,VNC,,,0,0,0,,,,,,0,0,21.6072168
65063.83647,-399738.3364,Ventura Avenue,32,26,,,5/1/1949,,1940,5,1,,"Ventura Avenue
1949/05/01
32",125VENT_CO,26.508,CA,1949,VNC,,Ventura Avenue,VNC,,,0,0,0,,,,,,0,0,10.72744165
62213.25097,-399410.2737,Feroud,605,432,,VNC,8/15/1950,CA1950VNC      00023,1950,8,15,,"Feroud
1950/08/15
605",,432.551,CA,1950,VNC,,Feroud,VNC,,,0,0,0,,,,,,0,0,175.0471304
64257.05522,-400433.0946,Devils Gulch,50,24,,,6/1/1950,,1950,6,1,,"Devils Gulch
1950/06/01
50",68VENT_CO,24.586,CA,1950,VNC,,Devils Gulch,VNC,,,0,0,0,,,,,,0,0,9.949651294
86143.84572,-399079.2781,Mud Creek,500,436,,,12/10/1951,CA1951VNC      00002,1950,12,10,,"Mud Creek
1951/12/10
500",177VENT_CO,436.013,CA,1951,VNC,,Mud Creek,VNC,,,0,0,0,,,,,,0,0,176.4482259
93930.18493,-437361.2415,Houston,571,564,,,11/17/1951,,1950,11,17,,"Houston
1951/11/17
571",26VENT_CO,564.546,CA,1951,VNC,,Houston,VNC,,,0,0,0,,,,,,0,0,228.4636098
87179.65049,-434165.7469,Rancho Sierra Vista,2200,3287,,,11/16/1951,,1950,11,16,,"Rancho Sierra Vista
1951/11/16
2200",19VENT_CO,3287.703,CA,1951,VNC,,Rancho Sierra Vista,VNC,,,0,0,0,,,,,,0,0,1330.486334
62789.31738,-400838.491,Live Oaks,71,35,,,10/10/1951,,1950,10,10,,"Live Oaks
1951/10/10
71",4VENT_CO,35.316,CA,1951,VNC,,Live Oaks,VNC,,,0,0,0,,,,,,0,0,14.29169455
79192.23961,-372566.4926,Piru,630,1303,,VNC,8/13/1951,CA1951VNC      00004,1950,8,13,,"Piru
1951/08/13
630",LPNF19510019,1302.873,CA,1951,VNC,,Piru,VNC,,,0,0,0,,,,,,0,0,527.25406
122093.9485,-417773.0991,Susana Knolls,2340,2347,,,8/6/1951,,1950,8,6,,"Susana Knolls
1951/08/06
2340",191VENT_CO,2348.06,CA,1951,VNC,,Susana Knolls,VNC,,,0,0,0,,,,,,0,0,950.2260603
114369.5764,-398727.3081,Camulos,1200,1023,,,7/29/1951,,1950,7,29,,"Camulos
1951/07/29
1200",173VENT_CO,1023.34,CA,1951,VNC,,Camulos,VNC,,,0,0,0,,,,,,0,0,414.1311449
126260.2198,-417985.8457,Scotty No. 110,156,156,,,6/1/1951,,1950,6,1,,"Scotty No. 110
1951/06/01
156",CSULB2239,156.166,CA,1951,VNC,,Scotty No. 110,VNC,,,0,0,0,,,,,,0,0,63.19819482
95308.67205,-369368.5002,,4178,4178,,,1951/00/00,,1950,0,0,,"
1951/00/00
4178",LPNF19510017,4178.116,CA,1951,VNC,,,VNC,,,0,0,0,,,,,,0,0,1690.823458
109560.2414,-397530.6516,Warring Canyon,2153,2382,,,9/14/1952,,1950,9,14,,"Warring Canyon
1952/09/14
2153",205VENT_CO,2382.256,CA,1952,VNC,,Warring Canyon,VNC,,,0,0,0,,,,,,0,0,964.064782
103890.4339,-408489.3174,Shiells Lease,12803,11773,,,10/31/1953,,1950,10,31,,"Shiells Lease
1953/10/31
12803",45VENT_CO,11773.899,CA,1953,VNC,,Shields Lease,VNC,,,0,0,0,,,,,,0,0,4764.727851
119244.7261,-399130.4979,Edison,506,872,,,8/17/1953,,1950,8,17,,"Edison
1953/08/17
506",174VENT_CO,873.067,CA,1953,VNC,,Edison,VNC,,,0,0,0,,,,,,0,0,353.31769
64738.9753,-396842.6918,Rice Road,800,638,,VNC,5/13/1953,CA1953VNC      00800,1950,5,13,,"Rice Road
1953/05/13
800",48VENT_CO,638.12,CA,1953,VNC,,Rice Road,VNC,,,0,0,0,,,,,,0,0,258.2379372
88018.23294,-397767.7357,Mud,237,237,,,5/3/1953,,1950,5,3,,"Mud
1953/05/03
237",LPNF19530004,247.26,CA,1953,VNC,,Mud,VNC,,,0,0,0,,,,,,0,0,100.0625968
110806.7789,-391286.0112,Hwy 126,237,237,,,5/6/1953,,1950,5,6,,"Hwy 126
1953/05/06
237",LPNF19530200,237.73,CA,1953,VNC,,Hwy 126,VNC,,,0,0,0,,,,,,0,0,96.20606101
126306.8758,-416466.6139,Chatsworth Fire,1832,1832,CDF Twin Lakes Fire,,9/24/1954,CA1954VNC      00005,1950,9,24,,"Chatsworth Fire
1954/09/24
1832",CSULB2241,1832.679,CA,1954,VNC,,Chatsworth Fire,VNC,,,0,0,0,,,,,,0,0,741.6590275
65822.09362,-398385.8356,Mira Monte,56,30,,,7/1/1954,,1950,7,1,,"Mira Monte
1954/07/01
56",183VENT_CO,30.179,CA,1954,VNC,,Mira Monte,VNC,,,0,0,0,,,,,,0,0,12.2130802
71283.86316,-403589.4478,Sulpher Mt,900,1048,,VNC,2/6/1954,CA1954VNC      00006,1950,2,6,,"Sulpher Mt
1954/02/06
900",,1047.791,CA,1954,VNC,,Sulpher Mt,VNC,,,0,0,0,,,,,,0,0,424.0261113
104548.5482,-396323.9613,Hopper,800,3083,,,12/19/1954,,1950,12,19,,"Hopper
1954/12/19
800",LPNF19540031,3083.3,CA,1954,VNC,,Hopper,VNC,,,0,0,0,,,,,,0,0,1247.767081
112009.4043,-390947.9066,King,370,370,,,8/27/1954,,1950,8,27,,"King
1954/08/27
370",LPNF19540020,370.796,CA,1954,VNC,,King,VNC,,,0,0,0,,,,,,0,0,150.055771
95561.16427,-432900.4146,Ventu Park,13840,13956,,,11/7/1955,,1950,11,7,,"Ventu Park
1955/11/07
13840",166VENT_CO,13956.327,CA,1955,VNC,,Ventu Park,VNC,,,0,0,0,,,,,,0,0,5647.92518
60290.69551,-405204.1363,Hoffman,1200,522,,,8/31/1955,,1950,8,31,,"Hoffman
1955/08/31
1200",5VENT_CO,522.068,CA,1955,VNC,,Hoffman,VNC,,,0,0,0,,,,,,0,0,211.2734189
94397.08958,-437660.9898,Houston,500,488,,,2/10/1955,,1950,2,10,,"Houston
1955/02/10
500",21VENT_CO,488.638,CA,1955,VNC,,Houston,VNC,,,0,0,0,,,,,,0,0,197.744645
112289.0448,-396300.18,Bishops,840,862,,,12/29/1956,,1950,12,29,,"Bishops
1956/12/29
840",78VENT_CO,862.385,CA,1956,VNC,,Bishops,VNC,,,0,0,0,,,,,,0,0,348.9946951
99889.77969,-435067.3326,Sherwood/Zuma,7747,35164,Combo of Vent & LA C,,12/28/1956,,1950,12,28,,"Sherwood/Zuma
1956/12/28
7747",102VENT_CO,35169.346,CA,1956,VNC,,Sherwood/Zuma,VNC,,,0,0,0,,,,,,0,0,14232.52918
70491.25271,-412756.9225,Sexton,2500,2826,,,12/26/1956,,1950,12,26,,"Sexton
1956/12/26
2500",201VENT_CO,2825.777,CA,1956,VNC,,Sexton,VNC,,,0,0,0,,,,,,0,0,1143.551581
50732.44426,-403414.9392,La Conchita,720,448,,,12/19/1956,,1950,12,19,,"La Conchita
1956/12/19
720",121VENT_CO,448.625,CA,1956,VNC,,La Conchita,VNC,,,0,0,0,,,,,,0,0,181.552046
117240.4414,-404294.414,Eureka Canyon,700,606,Rpt > Calc'd,,11/6/1956,,1950,11,6,,"Eureka Canyon
1956/11/06
700",85VENT_CO,606.823,CA,1956,VNC,,Eureka Canyon,VNC,,,0,0,0,,,,,,0,0,245.5723739
126725.2112,-415781.004,,217,217,,,11/6/1956,,1950,11,6,,"
1956/11/06
217",CSULB2237,217.89,CA,1956,VNC,,,VNC,,,0,0,0,,,,,,0,0,88.17697083
96275.60394,-407751.6398,Bi Brush,1100,1595,,,11/3/1956,,1950,11,3,,"Bi Brush
1956/11/03
1100",192VENT_CO,1595.422,CA,1956,VNC,,Bi Brush,VNC,,,0,0,0,,,,,,0,0,645.6445494
95601.6265,-397908.5249,Boulder Creek,3987,3733,,,8/22/1957,,1950,8,22,,"Boulder Creek
1957/08/22
3987",196VENT_CO,3733.551,CA,1957,VNC,,Boulder Creek,VNC,,,0,0,0,,,,,,0,0,1510.914393
125377.3969,-413915.6317,Santa Susana Pass,1482,4732,,,7/3/1957,,1950,7,3,,"Santa Susana Pass
1957/07/03
1482",CSULB1391,4733.407,CA,1957,VNC,,Santa Susana Pass,VNC,,,0,0,0,,,,,,0,0,1915.54203
109734.2032,-416203.0186,Simi Valley Ranch,495,468,,,6/22/1957,,1950,6,22,,"Simi Valley Ranch
1957/06/22
495",82VENT_CO,468.237,CA,1957,VNC,,Simi Valley Ranch,VNC,,,0,0,0,,,,,,0,0,189.488715
95209.86096,-425079.251,Conejo Grade,1000,1384,,,6/18/1957,,1950,6,18,,"Conejo Grade
1957/06/18
1000",31VENT_CO,1384.663,CA,1957,VNC,,Conejo Grade,VNC,,,0,0,0,,,,,,0,0,560.3530741
67530.0219,-407947.3189,Canada Larga,40,28,,,6/1/1957,,1950,6,1,,"Canada Larga
1957/06/01
40",73VENT_CO,28.705,CA,1957,VNC,,Canada Larga,VNC,,,0,0,0,,,,,,0,0,11.61663084
89062.88542,-366500.8138,,1325,1325,,,1957/00/00,,1950,0,0,,"
1957/00/00
1325",LPNF19570014,1324.848,CA,1957,VNC,,,VNC,,,0,0,0,,,,,,0,0,536.1470323
88152.71613,-399128.1204,,568,568,,,1957/00/00,,1950,0,0,,"
1957/00/00
568",LPNF19570999,568.539,CA,1957,VNC,,,VNC,,,0,0,0,,,,,,0,0,230.0797064
95167.77877,-421308.7989,Santa Rosa,910,1138,,,12/29/1958,,1950,12,29,,"Santa Rosa
1958/12/29
910",135VENT_CO,1138.314,CA,1958,VNC,,Santa Rosa,VNC,,,0,0,0,,,,,,0,0,460.6593556
117529.4636,-416949.0066,Santa Susana Dump,806,522,,,12/2/1958,,1950,12,2,,"Santa Susana Dump
1958/12/02
806",92VENT_CO,522.219,CA,1958,VNC,,Santa Susana Dump,VNC,,,0,0,0,,,,,,0,0,211.3344546
114093.9887,-436275.2139,,18115,18115,,,12/2/1958,,1950,12,2,,"
1958/12/02
18115",CSULB3187,18119.279,CA,1958,VNC,,,VNC,,,0,0,0,,,,,,0,0,7332.612241
111051.3742,-412756.1124,Brea Canyon,1320,1243,,,11/28/1958,,1950,11,28,,"Brea Canyon
1958/11/28
1320",34VENT_CO,1243.987,CA,1958,VNC,,Brea Canyon,VNC,,,0,0,0,,,,,,0,0,503.4235356
120049.9243,-417071.0243,Parker,923,1024,,,11/19/1958,,1950,11,19,,"Parker
1958/11/19
923",91VENT_CO,1024.579,CA,1958,VNC,,Parker,VNC,,,0,0,0,,,,,,0,0,414.632384
99334.88049,-408054.5798,Calumet Canyon,17000,17212,,,10/21/1958,,1950,10,21,,"Calumet Canyon
1958/10/21
17000",199VENT_CO,17211.589,CA,1958,VNC,,Calumet Canyon,VNC,,,0,0,0,,,,,,0,0,6965.283135
134633.2498,-413465.9607,,624,624,,,11/29/1959,,1950,11,29,,"
1959/11/29
624",CSULB1415,624.244,CA,1959,VNC,,,VNC,,,0,0,0,,,,,,0,0,252.6226009
88444.34906,-435750.106,Broome Ranch,1350,1240,,,11/26/1959,,1950,11,26,,"Broome Ranch
1959/11/26
1350",27VENT_CO,1240.37,CA,1959,VNC,,Broome Ranch,VNC,,,0,0,0,,,,,,0,0,501.9599546
123916.863,-417370.6358,,34,34,,,7/12/1959,,1950,7,12,,"
1959/07/12
34",CSULB2106,34.839,CA,1959,VNC,,,VNC,,,0,0,0,,,,,,0,0,14.09901784
121357.3426,-421492.148,Rocketdyne,384,384,,,7/7/1959,,1950,7,7,,"Rocketdyne
1959/07/07
384",CSULB2108,385.015,CA,1959,VNC,,Rocketdyne,VNC,,,0,0,0,,,,,,0,0,155.8101148
68496.09952,-398291.1618,Lyon Canyon,234,257,,,7/9/1959,,1950,7,9,,"Lyon Canyon
1959/07/09
234",156VENT_CO,257.027,CA,1959,VNC,,Lyon Canyon,VNC,,,0,0,0,,,,,,0,0,104.0150067
109331.7816,-376069.6609,,13636,13636,,,1960/00/00,,1960,0,0,,"
1960/00/00
13636",LPNF19600017,13636.079,CA,1960,VNC,,,VNC,,,0,0,0,,,,,,0,0,5518.325296
86498.33948,-400622.0989,Santa Paula Canyon,1941,2163,,,12/4/1962,,1960,12,4,,"Santa Paula Canyon
1962/12/04
1941",151VENT_CO,2162.849,CA,1962,VNC,,Santa Paula Canyon,VNC,,,0,0,0,,,,,,0,0,875.2738762
88492.18536,-411871.1251,Culbert,5525,5314,,,12/4/1962,,1960,12,4,,"Culbert
1962/12/04
5525",193VENT_CO,5313.699,CA,1962,VNC,,Culbert,VNC,,,0,0,0,,,,,,0,0,2150.377682
72512.22247,-397874.2764,Black Mountain,582,485,,,8/14/1962,,1960,8,14,,"Black Mountain
1962/08/14
582",157VENT_CO,485.422,CA,1962,VNC,,Black Mountain,VNC,,,0,0,0,,,,,,0,0,196.443352
119365.9303,-398431.5433,Ramona,85,53,,,11/2/1963,,1960,11,2,,"Ramona
1963/11/02
85",43VENT_CO,53.517,CA,1963,VNC,,Ramona,VNC,,,0,0,0,,,,,,0,0,21.65755502
118151.8682,-420546.8957,Burro Flats,22,22,,,9/21/1963,,1960,9,21,,"Burro Flats
1963/09/21
22",CSULB3261,22.511,CA,1963,VNC,,Burro Flats,VNC,,,0,0,0,,,,,,0,0,9.109827422
69198.05046,-398259.1718,Creek Road,562,929,,VNC,8/28/1963,CA1963VNC      21F42,1960,8,28,,"Creek Road
1963/08/28
562",,929.028,CA,1963,VNC,,Creek Road,VNC,,,0,0,0,,,,,,0,0,375.9641236
99295.40157,-394914.9973,Squaw Flat,440,439,,,8/20/1963,,1960,8,20,,"Squaw Flat
1963/08/20
440",150VENT_CO,439.205,CA,1963,VNC,,Squaw Flat,VNC,,,0,0,0,,,,,,0,0,177.7400093
68852.61466,-398543.4432,Creek Road,562,533,,,8/20/1963,,1960,8,20,,"Creek Road
1963/08/20
562",69VENT_CO,533.621,CA,1963,VNC,,Creek Road,VNC,,,0,0,0,,,,,,0,0,215.9487348
60975.03341,-408099.0247,Red Mountain,943,1389,,,1/5/1963,,1960,1,5,,"Red Mountain
1963/01/05
943",53VENT_CO,1389.235,CA,1963,VNC,,Red Mountain,VNC,,,0,0,0,,,,,,0,0,562.2035226
56620.42703,-403974.4242,Casitas Pass,195,133,,,7/1/1964,,1960,7,1,,"Casitas Pass
1964/07/01
195",6VENT_CO,133.606,CA,1964,VNC,,Casitas Pass,VNC,,,0,0,0,,,,,,0,0,54.06859539
91908.12605,-389348.3473,Sespe,770,770,,,8/23/1964,,1960,8,23,,"Sespe
1964/08/23
770",LPNF19640024,770.525,CA,1964,VNC,,Sespe,VNC,,,0,0,0,,,,,,0,0,311.8202671
43675.13647,-371022.4496,,187,187,,,1965/00/00,,1960,0,0,,"
1965/00/00
187",LPNF19650200,187.235,CA,1965,VNC,,,VNC,,,0,0,0,,,,,,0,0,75.77119573
95180.84398,-381508.9462,,963,963,,,1965/00/00,,1960,0,0,,"
1965/00/00
963",LPNF19650013,963.561,CA,1965,VNC,,,VNC,,,0,0,0,,,,,,0,0,389.9394849
123644.7433,-419925.074,Rocketdyne,362,362,,,11/1/1966,,1960,11,1,,"Rocketdyne
1966/11/01
362",CSULB3259,362.266,CA,1966,VNC,,Rocketdyne,VNC,,,0,0,0,,,,,,0,0,146.6037218
120582.2564,-418131.3206,Black Canyon,1020,1827,,,10/14/1966,,1960,10,14,,"Black Canyon
1966/10/14
1020",168VENT_CO,1827.72,CA,1966,VNC,,Black Canyon,VNC,,,0,0,0,,,,,,0,0,739.6520341
78282.46124,-399338.3545,Sulphur Mountain,31,8,,,9/1/1966,,1960,9,1,,"Sulphur Mountain
1966/09/01
31",16VENT_CO,8.439,CA,1966,VNC,,Sulphur Mountain,VNC,,,0,0,0,,,,,,0,0,3.415343664
112400.4645,-441311.9288,,2937,2937,,,10/30/1967,,1960,10,30,,"
1967/10/30
2937",CSULB3302,2938.062,CA,1967,VNC,,,VNC,,,0,0,0,,,,,,0,0,1188.991597
121581.9259,-411130.2649,Las Llajas,300,654,,VNC,10/18/1967,CA1967VNC      6746F,1960,10,18,,"Las Llajas
1967/10/18
300",,655.044,CA,1967,VNC,,Las Llajas,VNC,,,0,0,0,,,,,,0,0,265.0867024
89591.94426,-400482.929,Timber Canyon,11450,10841,,,10/16/1967,CA1967VNC      0386A,1960,10,16,,"Timber Canyon
1967/10/16
11450",112VENT_CO,10840.201,CA,1967,VNC,,Timber Canyon,VNC,,,0,0,0,,,,,,0,0,4386.873686
116560.9527,-411922.4034,Ditch Road,1120,1245,2POLYS,VNC,10/16/1967,CA1967VNC      0384A,1960,10,16,,"Ditch Road
1967/10/16
1120",,1245.796,CA,1967,VNC,,Ditch Road,VNC,,,0,0,0,,,,,,0,0,504.1556943
120904.2923,-422444.7786,Palmer/Parker,25000,23088,E. Bndy from LA Co.,,10/15/1967,,1960,10,15,,"Palmer/Parker
1967/10/15
25000",104VENT_CO,23091.948,CA,1967,VNC,,Palmer/Parker,VNC,,,0,0,0,,,,,,0,0,9344.97991
88551.13251,-411348.6372,Sence Ranch,17431,18354,,VNC,10/15/1967,CA1967VNC      0380A,1960,10,15,,"Sence Ranch
1967/10/15
17431",200VENT_CO,18352.386,CA,1967,VNC,,Sence Ranch,VNC,,,0,0,0,,,,,,0,0,7426.946998
79315.08305,-395290.863,Sisar Canyon,25,6,,,10/10/1967,,1960,10,10,,"Sisar Canyon
1967/10/10
25",129VENT_CO,6.631,CA,1967,VNC,,Sisar Canyon,VNC,,,0,0,0,,,,,,0,0,2.683531099
113086.9376,-395817.9587,Warring Canyon,3808,4268,,VNC,8/28/1967,CA1967VNC      6713F,1960,8,28,,"Warring Canyon
1967/08/28
3808",,4268.364,CA,1967,VNC,,Warring Canyon,VNC,,,0,0,0,,,,,,0,0,1727.34552
66317.69193,-410978.0326,Shell,60,57,,,9/24/1968,,1960,9,24,,"Shell
1968/09/24
60",58VENT_CO,57.317,CA,1968,VNC,,Shell,VNC,,,0,0,0,,,,,,0,0,23.19520593
66969.43597,-406904.197,Canada Larga,160,241,,,9/22/1968,,1960,9,22,,"Canada Larga
1968/09/22
160",163VENT_CO,241.197,CA,1968,VNC,,Canada Larga,VNC,,,0,0,0,,,,,,0,0,97.60890692
64298.28527,-410071.8063,Taylor,160,295,,,9/22/1968,,1960,9,22,,"Taylor
1968/09/22
160",8VENT_CO,294.979,CA,1968,VNC,,Taylor,VNC,,,0,0,0,,,,,,0,0,119.3736259
95181.95307,-424282.2588,Conejo Grade Brush,873,856,,VNC,9/22/1968,CA1968VNC      6854F,1960,9,22,,"Conejo Grade Brush
1968/09/22
873",,856.431,CA,1968,VNC,,Conejo Grade Brush,VNC,,,0,0,0,,,,,,0,0,346.5854119
77691.19287,-396633.9676,Sycamore,32,11,,,7/1/1968,,1960,7,1,,"Sycamore
1968/07/01
32",158VENT_CO,11.078,CA,1968,VNC,,Sycamore,VNC,,,0,0,0,,,,,,0,0,4.483052809
69680.79335,-393769.4382,Foothill,16,5,,,7/1/1968,,1960,7,1,,"Foothill
1968/07/01
16",66VENT_CO,5.683,CA,1968,VNC,,Foothill,VNC,,,0,0,0,,,,,,0,0,2.299969013
79382.14437,-393698.8156,Sisar Canyon,24,7,,,6/1/1968,,1960,6,1,,"Sisar Canyon
1968/06/01
24",14VENT_CO,7.864,CA,1968,VNC,,Sisar Canyon,VNC,,,0,0,0,,,,,,0,0,3.182338238
109383.8895,-403932.2375,Torrey Canyon,1800,1654,,VNC,11/20/1969,CA1969VNC      6913F,1960,11,20,,"Torrey Canyon
1969/11/20
1800",175VENT_CO,1654.563,CA,1969,VNC,,Torrey Canyon,VNC,,,0,0,0,,,,,,0,0,669.5779057
133578.9577,-411349.6158,,33,33,,,7/16/1969,,1960,7,16,,"
1969/07/16
33",CSULB2642,33.091,CA,1969,VNC,,,VNC,,,0,0,0,,,,,,0,0,13.39159285
106856.2199,-404212.2664,Wiley,460,448,,,11/13/1978,,1970,11,13,,"Wiley
1978/11/13
460",148VENT_CO,448.565,CA,1970,VNC,,Wiley,VNC,11/13/1978,,6,7,460,,,,,,0,0,181.5277575
118231.0615,-398149.955,Mayo,7270,7088,,,9/26/1970,,1970,9,26,,"Mayo
1970/09/26
7270",146VENT_CO,7089.617,CA,1970,VNC,,Mayo,VNC,9/26/1970,9/28/1970,6,14,7089,,,,,,0,0,2869.066282
69418.77433,-412514.5292,Foothill,5241,4731,,,9/25/1970,,1970,9,25,,"Foothill
1970/09/25
5241",203VENT_CO,4729.586,CA,1970,VNC,,Foothill,VNC,9/25/1970,9/26/1970,6,14,5241,,,,,,0,0,1913.995441
105275.9149,-432069.6685,,12,12,,,9/5/1970,,1970,9,5,,"
1970/09/05
12",CSULB3284,12.296,CA,1970,VNC,,,VNC,,,0,0,0,,,,,,0,0,4.976097619
126779.9718,-415154.989,Clampett,107163,116766,,,9/25/1970,,1970,9,25,,"Clampett
1970/09/25
107163",,116781.274,CA,1970,VNC,,Clampett,VNC,9/25/1970,10/1/1970,6,11,107163,,,,,,0,0,47259.70491
92351.17106,-377774.5284,Poplar,1260,1420,,VNC,8/2/1970,,1970,8,2,,"Poplar
1970/08/02
1260",,1420.689,CA,1970,VNC,,Poplar,VNC,,,0,0,0,,,,,,0,0,574.9322847
87092.05733,-411756.7802,Sence Ranch Brush #2,2925,2819,,VNC,12/16/1971,CA1971VNC      7155F,1970,12,16,,"Sence Ranch Brush #2
1971/12/16
2925",198VENT_CO,2819.207,CA,1971,VNC,,Sence Ranch Brush #2,VNC,12/16/1971,12/17/1971,6,11,2819,,,,,,0,0,1140.89255
43379.12939,-396608.1501,Romero,16100,15656,,SBC,10/6/1971,,1970,10,6,,"Romero
1971/10/06
16100",,15647.442,CA,1971,VNC,,Romero,VNC,,,0,0,0,,,,,,0,0,6332.294932
100327.3834,-397629.7941,Goodenough,1853,2254,,,10/5/1971,CA1971VNC06-164NONE0,1970,10,5,,"Goodenough
1971/10/05
1853",77VENT_CO,2254.807,CA,1971,VNC,,Goodenough,VNC,10/5/1971,10/7/1971,6,7,2254,,,,,,0,0,912.4880059
96135.62007,-423015.7243,Camarillo Grove Fire,440,243,,VNC,9/18/1971,CA1971VNC07154FNONE0,1970,9,18,,"Camarillo Grove Fire
1971/09/18
440",,243.44,CA,1971,VNC,,Camarillo Grove Fire,VNC,9/18/1971,9/19/1971,6,8,243,,,,,,0,0,98.51659905
111906.4611,-385612.0978,Blue,1850,2802,,,8/30/1971,,1970,8,30,,"Blue
1971/08/30
1850",LPNF19710072,2802.375,CA,1971,VNC,,Blue,VNC,,,0,0,0,,,,,,0,0,1134.080983
81648.90303,-388424.6483,Bear,17327,17327,,,8/22/1972,,1970,8,22,,"Bear
1972/08/22
17327",LPNF19720082,17323.858,CA,1972,VNC,,Bear,VNC,8/22/1972,8/29/1972,6,8,17323,,,,,,0,0,7010.716589
88664.05718,-433661.1795,Potrero,12800,12297,,,9/26/1973,,1970,9,26,,"Potrero
1973/09/26
12800",134VENT_CO,12297.323,CA,1973,VNC,,Potrero,VNC,9/26/1973,9/27/1973,8,11,12296,,,,,,0,0,4976.550058
88225.77138,-413001.3364,Sense,1008,984,,,9/26/1973,,1970,9,26,,"Sense
1973/09/26
1008",79VENT_CO,984.025,CA,1973,VNC,,Sense,VNC,9/26/1970,,6,14,984,,,,,,0,0,398.2208026
86865.79223,-419024.2381,Camarillo,186,238,,,9/26/1973,,1970,9,26,,"Camarillo
1973/09/26
186",46VENT_CO,238.048,CA,1973,VNC,,Camarillo,VNC,,,0,0,0,,,,,,0,0,96.33448858
102062.073,-418012.6565,Santa Rosa,437,424,,,9/26/1973,,1970,9,26,,"Santa Rosa
1973/09/26
437",32VENT_CO,424.432,CA,1973,VNC,,Santa Rosa,VNC,9/26/1973,,6,11,424,,,,,,0,0,171.7614777
117748.2534,-416524.8458,Runkle Canyon,191,168,,,7/1/1974,,1970,7,1,,"Runkle Canyon
1974/07/01
191",38VENT_CO,168.671,CA,1974,VNC,,Runkle Canyon,VNC,7/1/1974,7/1/1974,6,8,168,,,,,,0,0,68.2585898
123021.4754,-422825.9652,,30,30,,,6/28/1974,,1970,6,28,,"
1974/06/28
30",CSULB3262,30.818,CA,1974,VNC,,,VNC,,,0,0,0,,,,,,0,0,12.47174493
117662.2268,-418326.3253,Runkle Canyon,230,93,,,6/5/1974,,1970,6,5,,"Runkle Canyon
1974/06/05
230",36VENT_CO,93.977,CA,1974,VNC,,Runkle Canyon,VNC,6/5/1974,6/5/1974,6,11,93,,,,,,0,0,38.03133109
89362.36661,-428986.8499,Potrero,2773,3019,,,12/28/1975,,1970,12,28,,"Potrero
1975/12/28
2773",28VENT_CO,3019.263,CA,1975,VNC,,Potrero,VNC,12/28/1975,12/29/1975,8,14,3019,,,,,,0,0,1221.852453
126143.7311,-416075.8979,Lilac Lane,325,324,,,11/24/1975,,1970,11,24,,"Lilac Lane
1975/11/24
325",169VENT_CO,324.25,CA,1975,VNC,,LilacLane,VNC,11/24/1975,,6,7,325,,,,,,0,0,131.2193325
126352.0951,-415901.4154,Simi Fire,321,321,,,11/24/1975,,1970,11,24,,"Simi Fire
1975/11/24
321",CSULB2358,321.179,CA,1975,VNC,,Simi Fire,VNC,,,0,0,0,,,,,,0,0,129.9766387
92342.64602,-406581.2995,Texaco Canyon,350,123,2 POLYS,VNC,11/23/1975,CA1975VNC      67-18,1970,11,23,,"Texaco Canyon
1975/11/23
350",,123.708,CA,1975,VNC,,Texaco Canyon,VNC,11/23/1975,,6,7,123,,,,,,0,0,50.06281871
134707.6557,-413824.3943,,73,73,,,11/14/1975,,1970,11,14,,"
1975/11/14
73",CSULB2649,73.63,CA,1975,VNC,,,VNC,,,0,0,0,,,,,,0,0,29.796968
101785.727,-423035.4318,Conejo,200,219,,,11/11/1975,,1970,11,11,,"Conejo
1975/11/11
200",95VENT_CO,219.96,CA,1975,VNC,,Conejo,VNC,11/11/1975,11/11/1975,6,7,219,,,,,,0,0,89.01450055
124275.1309,-419039.0021,Box Canyon,655,553,,,11/11/1975,,1970,11,11,,"Box Canyon
1975/11/11
655",CSULB3243,553.204,CA,1975,VNC,,Box Canyon,VNC,11/11/1975,,6,7,655,,,,,,0,0,223.8736222
73498.8616,-402748.4266,Aliso Canyon,1250,1093,,,9/3/1975,,1970,9,3,,"Aliso Canyon
1975/09/03
1250",162VENT_CO,1093.666,CA,1975,VNC,,Aliso Canyon,VNC,9/3/1975,9/5/1975,6,7,1250,,,,,,0,0,442.5909432
112059.4719,-384974.2973,Blanca,1110,1341,,VNC,8/24/1975,CA1975VNC      NONE0,1970,8,24,,"Blanca
1975/08/24
1110",USFS,1341.31,CA,1975,VNC,,Blanca,VNC,8/24/1975,,6,9,1341,,,,,,0,0,542.8088602
111311.471,-411677.2855,Alamos Canyon,99,100,,,8/2/1975,,1970,8,2,,"Alamos Canyon
1975/08/02
99",83VENT_CO,100.059,CA,1975,VNC,,Alamos Canyon,VNC,8/2/1970,8/2/1970,6,2,100,,,,,,0,0,40.49233612
119415.2761,-426785.7505,,28,28,,,7/31/1975,,1970,7,31,,"
1975/07/31
28",CSULB3246,28.444,CA,1975,VNC,,,VNC,,,0,0,0,,,,,,0,0,11.51068401
119331.419,-406673.7636,Tapo Canyon,282,262,,,7/27/1975,,1970,7,27,,"Tapo Canyon
1975/07/27
282",90VENT_CO,262.814,CA,1975,VNC,,Tapo Canyon,VNC,7/27/1975,,6,10,282,,,,,,0,0,106.3569897
122314.5693,-426460.1958,,7,7,,,6/27/1975,,1970,6,27,,"
1975/06/27
7",CSULB3247,7.933,CA,1975,VNC,,,VNC,,,0,0,0,,,,,,0,0,3.210271859
66485.98678,-379123.4965,,695,695,,,1975/00/00,,1970,0,0,,"
1975/00/00
695",LPNF19750007,695.658,CA,1975,VNC,,,VNC,,,0,0,0,,,,,,0,0,281.5229239
98263.99328,-421445.4961,Arroyo,200,206,,,12/16/1976,,1970,12,16,,"Arroyo
1976/12/16
200",136VENT_CO,206.069,CA,1976,VNC,,Arroyo,VNC,12/16/1976,12/16/1976,6,7,206,,,,,,0,0,83.39334814
105261.1468,-430610.0284,Decker,146,155,,,7/4/1976,,1970,7,4,,"Decker
1976/07/04
146",103VENT_CO,155.762,CA,1976,VNC,,Decker,VNC,7/4/1976,7/4/1976,8,14,155,,,,,,0,0,63.03444436
98822.48947,-426165.6833,Potrero Road,80,80,,,6/23/1976,,1970,6,23,,"Potrero Road
1976/06/23
80",97VENT_CO,80.463,CA,1976,VNC,,Potrero Road,VNC,,,0,0,0,,,,,,0,0,32.5621147
104130.3522,-427238.4601,Los Robles,2000,2245,,VNC,6/22/1976,CA1976VNC      067-6,1970,6,22,,"Los Robles
1976/06/22
2000",,2245.433,CA,1976,VNC,,Los Robles,VNC,6/22/1976,6/24/1976,6,2,2000,,,,,,0,0,908.6946348
93668.30285,-427180.2762,Quadalasca,84,102,,,1/17/1976,,1970,1,17,,"Quadalasca
1976/01/17
84",99VENT_CO,102.213,CA,1976,VNC,,Quadalasca,VNC,,,0,0,0,,,,,,0,0,41.364281
106275.156,-434327.4362,Carlisle Fire,1368,1368,,,11/15/1977,,1970,11,15,,"Carlisle Fire
1977/11/15
1368",CSULB3298,1369.127,CA,1977,VNC,,Carlisle Fire,VNC,,,0,0,0,,,,,,0,0,554.0658671
115067.4373,-408731.7974,Newhall Escape,992,984,,,11/1/1978,,1970,11,1,Rx,"Newhall Escape
1978/11/01
992",145VENT_CO,984.598,CA,1978,VNC,,Newhall Rx Burn,VNC,,,0,0,0,,,,,,0,0,398.4527394
114562.9798,-409131.9682,Newhall Rx Burn,262,299,,,11/1/1978,,1970,11,1,Rx,"Newhall Rx Burn
1978/11/01
262",144VENT_CO,299.558,CA,1978,VNC,,Newhall Rx Burn,VNC,,,0,0,0,,,,,,0,0,121.2268624
115363.5888,-408614.857,Newhall Escape,730,684,,,11/1/1978,,1970,11,1,Rx,"Newhall Escape
1978/11/01
730",143VENT_CO,685.04,CA,1978,VNC,,Newhall Escape,VNC,11/1/1978,11/2/1978,6,18,730,,,,,,0,0,277.2258771
108782.1119,-436459.1675,,25564,25564,,,10/23/1978,,1970,10,23,,"
1978/10/23
25564",CSULB3293,25567.89,CA,1978,VNC,,,VNC,,,0,0,0,,,,,,0,0,10346.95809
65631.64774,-392194.4358,Cozy Dell,910,804,,,9/25/1978,,1970,9,25,,"Cozy Dell
1978/09/25
910",3VENT_CO,804.434,CA,1978,VNC,,Cozy Dell,VNC,9/25/1978,9/26/1978,6,10,804,,,,,,0,0,325.5426976
108532.0617,-405506.8262,Happy Camp,460,463,,,8/22/1978,,1970,8,22,,"Happy Camp
1978/08/22
460",107VENT_CO,463.128,CA,1978,VNC,,Happy Camp,VNC,8/22/1978,8/22/1978,8,11,463,,,,,,0,0,187.4212903
95089.25982,-423969.9974,Conejo Grade,100,150,,,11/30/1979,,1970,11,30,,"Conejo Grade
1979/11/30
100",137VENT_CO,150.117,CA,1979,VNC,,Conejo Grade,VNC,11/30/1976,12/1/1976,6,14,150,,,,,,0,0,60.75028666
70062.71255,-404944.9657,Creek Road,32000,32713,,,9/18/1979,,1970,9,18,,"Creek Road
1979/09/18
32000",47VENT_CO,32702.638,CA,1979,VNC,,Creek Road,VNC,9/18/1979,9/22/1970,6,2,37713,,,,,,0,0,13234.28808
123151.7244,-417560.6268,Box Canyon,1003,933,,,9/18/1979,,1970,9,18,,"Box Canyon
1979/09/18
1003",CSULB3241,933.187,CA,1979,VNC,,Box Canyon,VNC,9/18/1979,,6,7,933,,,,,,0,0,377.6475348
119306.2723,-416177.1292,Susana Airport,58,131,,,5/1/1979,,1970,5,1,,"Susana Airport
1979/05/01
58",37VENT_CO,131.311,CA,1979,VNC,,Susana Airport,VNC,5/1/1979,,6,14,131,,,,,,0,0,53.13982065
54544.65069,-386989.2802,,490,490,,,1979/00/00,,1970,0,0,,"
1979/00/00
490",LPNF19790002,490.461,CA,1979,VNC,,,VNC,,,0,0,0,,,,,,0,0,198.4825689
123124.6466,-426014.175,,87,87,,,11/15/1980,,1980,11,15,,"
1980/11/15
87",CSULB3248,87.849,CA,1980,VNC,,,VNC,,,0,0,0,,,,,,0,0,35.55113999
88833.2664,-410538.9817,South Mountain,3600,2395,,,10/29/1980,,1980,10,29,,"South Mountain
1980/10/29
3600",109VENT_CO,2395.076,CA,1980,VNC,,South Mountain,VNC,10/29/1980,,6,11,2395,,,,,,0,0,969.2527649
94131.59518,-424876.8376,Hill Canyon,8700,11974,,,10/28/1980,,1980,10,28,,"Hill Canyon
1980/10/28
8700",23VENT_CO,11974.474,CA,1980,VNC,,Hill Canyon,VNC,10/28/1980,10/29/1980,8,4,11974,,,,,,0,0,4845.897709
84455.59294,-373630.4426,,5654,5654,,,1980/00/00,,1980,0,0,,"
1980/00/00
5654",LPNF19800063,5653.713,CA,1980,VNC,,,VNC,,,0,0,0,,,,,,0,0,2287.976345
127353.9993,-414671.6947,Oat Mountain,6005,18250,,,10/31/1981,,1980,10,31,,"Oat Mountain
1981/10/31
6005",CSULB3242,18254.169,CA,1981,VNC,,Oat Mountain,VNC,10/31/1981,,8,11,18250,,,,,,0,0,7387.199906
126315.865,-419483.8714,,984,984,,,10/31/1981,,1980,10,31,,"
1981/10/31
984",CSULB3216,985.207,CA,1981,VNC,,,VNC,,,0,0,0,,,,,,0,0,398.6992704
133999.007,-411794.2257,,27,27,,,7/2/1981,,1980,7,2,,"
1981/07/02
27",CSULB2643,27.255,CA,1981,VNC,,,VNC,,,0,0,0,,,,,,0,0,11.02983554
81882.12528,-414139.119,Loma,1331,376,,,6/15/1981,,1980,6,15,,"Loma
1981/06/15
1331",80VENT_CO,376.397,CA,1981,VNC,,Loma,VNC,6/15/1981,,6,14,376,,,,,,0,0,152.3223776
116202.1588,-431837.0322,Dayton Cyn Fire,54000,43479,15032 in VNC,,10/9/1982,,1980,10,9,,"Dayton Cyn Fire
1982/10/09
54000",GCS34140,43487.666,CA,1982,VNC,,Dayton Cyn Fire,VNC,10/9/1982,,6,7,43479,,,,,,0,0,17598.83421
117187.7398,-418936.8186,Hall,2627,2647,,,10/8/1982,,1980,10,8,,"Hall
1982/10/08
2627",141VENT_CO,2648.301,CA,1982,VNC,,Hall,VNC,10/8/1982,10/8/1982,6,7,2647,,,,,,0,0,1071.72943
104143.2744,-370307.7854,,803,803,,,1982/00/00,,1980,0,0,,"
1982/00/00
803",LPNF19820015,803.218,CA,1982,VNC,,,VNC,,,0,0,0,,,,,,0,0,325.0507758
106662.2631,-399551.5843,Hopper Canyon,230,232,,,7/23/1983,,1980,7,23,,"Hopper Canyon
1983/07/23
230",147VENT_CO,232.441,CA,1983,VNC,,Hopper Canyon,VNC,7/23/1983,7/23/1983,6,5,232,,,,,,0,0,94.06559845
60096.76896,-397579.0269,Poplin,160,193,,,7/10/1983,,1980,7,10,,"Poplin
1983/07/10
160",64VENT_CO,193.872,CA,1983,VNC,,Poplin,VNC,7/10/1983,,6,7,193,,,,,,0,0,78.45718141
58287.0237,-392018.4813,Matilija,4600,4708,,,7/7/1983,,1980,7,7,,"Matilija
1983/07/07
4600",LPNF19830019,4706.1,CA,1983,VNC,,Matilija,VNC,,,0,0,0,,,,,,0,0,1904.490938
101792.7339,-396699.3573,Squaw Flat,6010,6087,,VNC,10/15/1984,CA1984VNC01071600974,1980,10,15,,"Squaw Flat
1984/10/15
6010",208VENT_CO,6087.245,CA,1984,VNC,,Squaw Flat,VNC,10/15/1984,,6,14,6087,,,,,,0,0,2463.420627
106337.6081,-431162.1042,,226,226,,,7/13/1984,,1980,7,13,,"
1984/07/13
226",CSULB3282,226.881,CA,1984,VNC,,,VNC,,,0,0,0,,,,,,0,0,91.81538631
117849.7981,-424764.4636,Crummer,520,612,,,5/30/1984,,1980,5,30,,"Crummer
1984/05/30
520",140VENT_CO,612.641,CA,1984,VNC,,Crummer,VNC,5/30/1984,,6,1,612,,,,,,0,0,247.926899
94126.34899,-409414.3497,Grimes Fire,11164,11304,,,5/7/1984,,1980,5,7,,"Grimes Fire
1984/05/07
11164",153VENT_CO,11303.339,CA,1984,VNC,,Grimes Fire,VNC,5/7/1984,5/8/1984,6,7,11304,,,,,,0,0,4574.298822
125215.3823,-413785.0218,Hummingbird,2420,2382,,,10/14/1985,,1980,10,14,,"Hummingbird
1985/10/14
2420",172VENT_CO,2382.44,CA,1985,VNC,,Hummingbird,VNC,,,0,0,0,,,,,,0,0,964.1390778
83330.1642,-399481.1429,Ferndale,47064,46809,,,10/14/1985,,1980,10,14,,"Ferndale
1985/10/14
47064",197VENT_CO,46799.482,CA,1985,VNC,,Ferndale,VNC,10/14/1985,10/21/1985,6,7,47064,,,,,,0,0,18939.07832
102001.532,-417590.5706,Peach Hill,1861,1991,,,10/14/1985,,1980,10,14,,"Peach Hill
1985/10/14
1861",22VENT_CO,1991.594,CA,1985,VNC,,Peach Hill,VNC,10/14/1985,,6,7,1991,,,,,,0,0,805.9694271
123554.606,-417614.554,Box Cyn,1271,1271,,,10/14/1985,,1980,10,14,,"Box Cyn
1985/10/14
1271",CSULB2357,1272.151,CA,1985,VNC,,Box Cyn,VNC,,,0,0,0,,,,,,0,0,514.821274
101164.2361,-438193.1283,Decker Fire,6526,6604,,,10/14/1985,,1980,10,14,,"Decker Fire
1985/10/14
6526",CSULB3297,6605.389,CA,1985,VNC,,Decker Fire,VNC,,,0,0,0,,,,,,0,0,2673.106235
56806.80296,-390932.7966,R. Colla,160,96,,,7/5/1985,,1980,7,5,,"R. Colla
1985/07/05
160",122VENT_CO,96.084,CA,1985,VNC,,R. Colla,VNC,,,0,0,0,,,,,,0,0,38.88394957
84850.65157,-402249.1968,Mupu,28,43,,,7/4/1985,,1980,7,4,,"Mupu
1985/07/04
28",152VENT_CO,43.49,CA,1985,VNC,,Mupu,VNC,,,0,0,0,,,,,,0,0,17.59984053
71834.26307,-397961.9865,Black Mountain,1200,1324,,,7/3/1985,CA1985VNC00000700469,1980,7,3,,"Black Mountain
1985/07/03
1200",185VENT_CO,1324.267,CA,1985,VNC,,Black Mountain,VNC,7/3/1985,,6,7,1324,,,,,,0,0,535.9118325
60788.81017,-389182.3594,Wheeler #2,118000,122724,,VNC,7/1/1985,CA1985VNC00757400459,1980,7,1,,"Wheeler #2
1985/07/01
118000",LPNF19850027,122669.416,CA,1985,VNC,,Wheeler #2,VNC,7/1/1985,,6,0,122000,,,,,,0,0,49642.55146
114612.2713,-405490.2101,Tapo,606,657,,,6/22/1985,,1980,6,22,,"Tapo
1985/06/22
606",44VENT_CO,657.199,CA,1985,VNC,,Tapo,VNC,,,0,0,0,,,,,,0,0,265.9591869
78551.27308,-395917.2852,Girard Rx Burn,506,380,,,5/29/1985,,1980,5,29,,"Girard Rx Burn
1985/05/29
506",15VENT_CO,380.304,CA,1985,VNC,,Girard Rx Burn,VNC,,,0,0,0,,,,,,0,0,153.9033849
67792.52684,-412939.9359,Hall Canyon Rx-Burn,644,866,,,12/2/1986,,1980,12,2,,"Hall Canyon Rx-Burn
1986/12/02
644",182VENT_CO,866.631,CA,1986,VNC,,Hall Canyon Controll,VNC,,,0,0,0,,,,,,0,0,350.7130322
87281.14579,-410971.2358,Bradley,9027,9229,,,11/10/1986,,1980,11,10,,"Bradley
1986/11/10
9027",179VENT_CO,9228.29,CA,1986,VNC,,Bradley,VNC,11/10/1986,,6,11,9229,,,,,,0,0,3734.556401
120642.933,-403616.4251,Salt Tapo Rx-Burn,5000,4704,3500 acres VNC,,10/17/1986,,1980,10,17,Rx,"Salt Tapo Rx-Burn
1986/10/17
5000",42VENT_CO,4704.614,CA,1986,VNC,,Salt Tapo Controlled,VNC,,,0,0,0,,,Salt - Tapo Rx Burn,10/17/1986,10/17/1986,0,0,1903.88954
85598.64717,-411655.8503,Lloyd-Butler Rx-Burn,600,1439,,,9/30/1986,,1980,9,30,,"Lloyd-Butler Rx-Burn
1986/09/30
600",81VENT_CO,1439.566,CA,1986,VNC,,Lloyd-Butler Control,VNC,,,0,0,0,,,Lloyd - Butler Rx Burn,9/30/1986,,0,0,582.5715927
76187.69166,-410781.4433,Peppertree Rx-Burn,1150,1088,,,11/11/1987,,1980,11,11,,"Peppertree Rx-Burn
1987/11/11
1150",116VENT_CO,1088.216,CA,1987,VNC,,Peppertree Controlle,VNC,,,0,0,0,,,,,,0,0,440.3852423
77413.6464,-371606.1984,Fish,4000,4341,,,10/2/1987,,1980,10,2,,"Fish
1987/10/02
4000",1VENT_CO,4340.515,CA,1987,VNC,,Fish,VNC,,,0,0,0,,,,,,0,0,1756.544191
108946.4931,-416084.5928,Tierra,714,759,,,7/20/1987,,1980,7,20,,"Tierra
1987/07/20
714",33VENT_CO,759.053,CA,1987,VNC,,Tierra,VNC,7/20/1987,,6,10,759,,,,,,0,0,307.1777214
85637.54572,-382360.3212,,372,372,,,1987/00/00,,1980,0,0,,"
1987/00/00
372",LPNF19870033,372.676,CA,1987,VNC,,,VNC,,,0,0,0,,,,,,0,0,150.8167826
125762.7971,-413425.7418,Kuehner Fire,3979,3761,,,9/4/1988,,1980,9,4,,"Kuehner Fire
1988/09/04
3979",CSULB1780,3762.231,CA,1988,VNC,,Kuehner Fire,VNC,9/4/1988,,6,7,3979,,,,,,0,0,1522.520948
103924.5939,-361671.584,,221,221,SOME FIRES UNCERTAIN,,7/29/1988,,1980,7,29,,"
1988/07/29
221",ANGF1_2,221.203,CA,1988,VNC,,,VNC,,,0,0,0,,,,,,0,0,89.51750547
120580.4012,-396470.2133,Piru,13005,12068,4540 Acres VNC,,9/3/1988,,1980,9,3,,"Piru
1988/09/03
13005",105VENT_CO,12069.47,CA,1988,VNC,,Piru,VNC,9/3/1988,9/7/1988,6,1,12068,,,,,,0,0,4884.341366
106346.5401,-430514.4794,,118,118,,,6/30/1988,,1980,6,30,,"
1988/06/30
118",CSULB3202,118.248,CA,1988,VNC,,,VNC,,,0,0,0,,,,,,0,0,47.85307185
69895.36024,-412499.4675,Hall-Barlow Rx-Burn,2180,2227,,,5/26/1988,,1980,5,26,Rx,"Hall-Barlow Rx-Burn
1988/05/26
2180",164VENT_CO,2227.024,CA,1988,VNC,,Hall-Barlow Controll,VNC,,,0,0,0,,,,,,0,0,901.244655
94771.58535,-430538.9447,Sycamore,387,367,,,4/10/1988,,1980,4,10,,"Sycamore
1988/04/10
387",98VENT_CO,367.985,CA,1988,VNC,,Sycamore,VNC,4/10/1988,,8,14,367,,,,,,0,0,148.9183242
97422.68486,-396338.17,Oil Well,227,227,,,9/8/1988,,1980,9,8,,"Oil Well
1988/09/08
227",LPNF19880200,227.369,CA,1988,VNC,,Oil Well,VNC,9/8/1988,,6,2,227,,,,,,0,0,92.01304471
133400.6906,-411886.4823,,9,9,,,12/22/1989,,1980,12,22,,"
1989/12/22
9",CSULB1911,9.542,CA,1989,VNC,,,VNC,,,0,0,0,,,,,,0,0,3.861328145
93011.94824,-437651.3034,Pacific,3153,3138,,,10/29/1989,,1980,10,29,,"Pacific
1989/10/29
3153",100VENT_CO,3138.303,CA,1989,VNC,,Pacific,VNC,10/29/1989,,8,11,3138,,,,,,0,0,1270.026226
50131.80711,-404501.3665,Bates Fire,193,190,,,4/4/1989,,1980,4,4,,"Bates Fire
1989/04/04
193",61VENT_CO,190.793,CA,1989,VNC,,Bates Fire,VNC,4/4/1989,4/5/1989,6,11,190,,,,,,0,0,77.21124793
102095.9343,-403986.6721,Shiells,426,403,,,10/9/1990,,1990,10,9,,"Shiells
1990/10/09
426",149VENT_CO,403.21,CA,1990,VNC,,Shiells,VNC,10/9/1990,10/11/1990,6,7,403,,,,,,0,0,163.1732778
83830.43537,-401415.0251,Mupu,500,531,,,10/9/1990,,1990,10,9,,"Mupu
1990/10/09
500",111VENT_CO,531.704,CA,1990,VNC,,Mupu,VNC,10/9/1990,,6,7,531,,,,,,0,0,215.1729509
88976.86323,-407522.3301,South Mountain,714,734,,,10/8/1990,,1990,10,8,,"South Mountain
1990/10/08
714",108VENT_CO,734.512,CA,1990,VNC,,South Mountain,VNC,10/8/1990,,6,7,734,,,,,,0,0,297.2464564
107323.0637,-423070.7279,Sapra,119,127,,,7/5/1990,,1990,7,5,,"Sapra
1990/07/05
119",138VENT_CO,127.791,CA,1990,VNC,,Sapra,VNC,,,0,0,0,,,,,,0,0,51.71505563
69849.49836,-393971.6283,Foothill,538,568,,,6/26/1990,,1990,6,26,,"Foothill
1990/06/26
538",131VENT_CO,568.503,CA,1990,VNC,,Foothill,VNC,6/26/1990,,6,11,568,,,,,,0,0,230.0649765
102568.6092,-400110.5189,Pole,270,257,,,6/23/1990,,1990,6,23,,"Pole
1990/06/23
270",18VENT_CO,257.175,CA,1990,VNC,,Pole,VNC,6/23/1990,6/24/1990,6,4,257,,,,,,0,0,104.0749603
103847.5447,-369356.4546,,217,217,,,1990/00/00,,1990,0,0,,"
1990/00/00
217",LPNF19900200,217.702,CA,1990,VNC,,,VNC,,,0,0,0,,,,,,0,0,88.10093368
100674.4684,-368362.6634,,474,474,,,1990/00/00,,1990,0,0,,"
1990/00/00
474",LPNF19900005,474.657,CA,1990,VNC,,,VNC,,,0,0,0,,,,,,0,0,192.0870074
107719.01,-425561.0141,Westlake,170,180,,,10/30/1991,,1990,10,30,,"Westlake
1991/10/30
170",139VENT_CO,180.191,CA,1991,VNC,,Westlake,VNC,10/30/1991,10/30/1991,6,10,180,,,,,,0,0,72.92083093
74148.28897,-384441.5821,,2849,2849,,,1991/00/00,,1990,0,0,,"
1991/00/00
2849",LPNF19910049,2848.707,CA,1991,VNC,,,VNC,,,0,0,0,,,,,,0,0,1152.83062
69505.80922,-401042.9042,Sulphur Mountain,106,86,,,10/23/1992,,1990,10,23,,"Sulphur
1992/10/23
106",126VENT_CO,85.997,CA,1992,VNC,,Sulphur,VNC,,,0,0,0,,,,,,0,0,34.80160913
65887.37339,-408426.2194,Larkspur,17,20,,,10/10/1992,,1990,10,10,,"Larkspur
1992/10/10
17",118VENT_CO,20.058,CA,1992,VNC,,Larkspur,VNC,,,0,0,0,,,,,,0,0,8.117235805
67314.39693,-411892.1371,Seneca,510,529,,,9/30/1992,,1990,9,30,,"Seneca
1992/09/30
510",11VENT_CO,528.961,CA,1992,VNC,,Seneca,VNC,9/30/1992,,6,7,528,,,,,,0,0,214.063076
117476.4071,-416891.8086,Sequoia,382,387,,,7/20/1992,,1990,7,20,,"Sequoia
1992/07/20
382",167VENT_CO,387.739,CA,1992,VNC,,Sequoia,VNC,1/29/1992,1/29/1992,6,7,387,,,,,,0,0,156.9125047
97579.97804,-423531.9462,Academy,35,47,,,7/20/1992,,1990,7,20,,"Academy
1992/07/20
35",96VENT_CO,47.912,CA,1992,VNC,,Academy,VNC,,,0,0,0,,,,,,0,0,19.38943392
86846.91079,-432337.706,Broome Ranch,1150,1310,,,7/23/1992,,1990,7,23,Rx,"Broome Ranch
1992/07/23
1150",Rx-3-033-VNC,1310.241,CA,1992,VNC,,Broome Ranch,VNC,,,0,0,0,,,,,,0,0,530.2358849
53222.36668,-372327.438,,113,113,,,1992/00/00,,1990,0,0,,"
1992/00/00
113",LPNF19920201,113.087,CA,1992,VNC,,,VNC,,,0,0,0,,,,,,0,0,45.76456239
77621.21085,-403951.6433,Steckel,27088,27088,,,10/27/1993,,1990,10,27,,"Steckel
1993/10/27
27088",187VENT_CO,27081.506,CA,1993,VNC,,Steckel,VNC,10/27/1993,,2,7,27088,,,,,,0,0,10959.49661
125883.7435,-416656.9321,Chatsworth #2,1962,1962,,,10/27/1993,,1990,10,27,,"Chatsworth #2
1993/10/27
1962",DRAGNET11,1963.325,CA,1993,VNC,,Chatsworth #2,VNC,10/27/1993,,6,7,1963,,,,,,0,0,794.5294448
94339.84613,-433094.4666,Green Meadows,38152,38477,,,10/26/1993,,1990,10,26,,"Green Meadows
1993/10/26
38152",GCS48634162,38477.862,CA,1993,VNC,,Green Meadows,VNC,10/26/1993,,2,7,38476,,,,,,0,0,15571.43813
117795.1722,-425787.8749,Cheeseboro,900,845,,,10/28/1993,,1990,10,28,Rx,"Cheeseboro
1993/10/28
900",NPS #1,844.923,CA,1993,VNC,,Cheeseboro,VNC,,,0,0,0,,,,,,0,0,341.9280754
64055.56134,-389011.3922,Wheel,1475,1475,,,10/27/1993,,1990,10,27,,"Wheel
1993/10/27
1475",LPX19930043H,1475.346,CA,1993,VNC,,Wheel,VNC,10/27/1993,10/30/1993,6,7,1475,,,,,,0,0,597.0514754
116316.406,-425767.7885,Palocomado,675,652,,,11/19/1994,,1990,11,19,Rx,"Palocomado
1994/11/19
675",NPS 9405,651.654,CA,1994,VNC,,Palocomado,VNC,,,0,0,0,,,,,,0,0,263.7149704
76006.04696,-408143.5879,Aliso I,750,344,,,10/16/1994,,1990,10,16,Rx,"Aliso I
1994/10/16
750",Rx-3-012-VNC,343.503,CA,1994,VNC,,Aliso I,VNC,,,0,0,0,,,,,,0,0,139.0107457
133685.3888,-411918.5086,Porter Ranch,55,55,,,6/25/1994,,1990,6,25,,"Porter Ranch
1994/06/25
55",DRAGNET47,55.554,CA,1994,VNC,,Porter Ranch,VNC,,,0,0,0,,,,,,0,0,22.4818538
87452.77402,-427561.9128,Camarillo Hospital,50,86,,,6/20/1994,,1990,6,20,Rx,"Camarillo Hospital
1994/06/20
50",VNC Training,85.799,CA,1994,VNC,,Camarillo Hospital,VNC,,,0,0,0,,,,,,0,0,34.72155493
117997.5073,-425853.4308,Boundary II,800,592,,,10/25/1995,,1990,10,25,Rx,"Boundary II
1995/10/25
800",NPS 9512,592.508,CA,1995,VNC,,Boundary II,VNC,,,0,0,0,,,,,,0,0,239.7793634
71583.57756,-411244.8393,Sexton I,850,391,,,10/12/1995,,1990,10,12,Rx,"Sexton I
1995/10/12
850",Rx-3-017-VNC,391.334,CA,1995,VNC,,Sexton I,VNC,,,0,0,0,,,,,,0,0,158.3671185
116819.8426,-426342.5824,Boundary I,1010,820,,,7/13/1995,,1990,7,13,Rx,"Boundary I
1995/07/13
1010",NPS 9511,819.734,CA,1995,VNC,,Boundary I,VNC,,,0,0,0,,,,,,0,0,331.7345972
99878.84455,-420857.5907,Wildwood I,50,798,,,6/1/1995,,1990,6,1,Rx,"Wildwood I
1995/06/01
50",Rx-3-016-VNC,798.709,CA,1995,VNC,,Wildwood I,VNC,,,0,0,0,,,,,,0,0,323.2262456
75467.65337,-408799.9552,Aliso II,1200,552,,,11/12/1996,,1990,11,12,Rx,"Aliso II
1996/11/12
1200",Rx-3-012-VNC,551.571,CA,1996,VNC,,Aliso II,VNC,,,0,0,0,,,,,,0,0,223.2129677
65932.94513,-413662.5476,Poli,360,362,,,10/25/1996,,1990,10,25,,"Poli
1996/10/25
360",204VENT_CO,362.128,CA,1996,VNC,,Poli,VNC,10/25/1996,,2,7,362,,,,,,0,0,146.5479435
72016.65822,-409535.4736,Sexton II,1273,477,,,9/24/1996,,1990,9,24,Rx,"Sexton II
1996/09/24
1273",Rx-3-017-VNC,476.707,CA,1996,VNC,,Sexton II,VNC,,,0,0,0,,,,,,0,0,192.9164517
73180.54423,-411625.8922,Ondulando,400,402,,,7/6/1996,,1990,7,6,,"Ondulando
1996/07/06
400",202VENT_CO,402.12,CA,1996,VNC,,Ondulando,VNC,7/6/1996,,6,8,402,,,,,,0,0,162.7322857
73302.55202,-397456.8333,Dennison Park,50,34,,,4/17/1996,,1990,4,17,Rx,"Dennison Park
1996/04/17
50",Rx-3-035-VNC,33.769,CA,1996,VNC,,Dennison Park,VNC,,,0,0,0,,,,,,0,0,13.66587338
93763.73899,-397729.1299,Grand,10949,10949,,,4/28/1996,,1990,4,28,,"Grand
1996/04/28
10949",LPX19960007H,10948.186,CA,1996,VNC,,Grand,VNC,4/28/1996,5/2/1996,2,11,10948,,,,,,0,0,4430.573807
112565.9061,-379811.6623,,1382,1382,,,1996/00/00,,1990,0,0,,"
1996/00/00
1382",LPX19960034L,1382.366,CA,1996,VNC,,,VNC,,,0,0,0,,,,,,0,0,559.4235225
78586.80796,-396035.3352,Sisar,659,306,,,10/22/1997,,1990,10,22,Rx,"Sisar
1997/10/22
659",Rx-3-031-VNC,306.235,CA,1997,VNC,,Sisar,VNC,,,0,0,0,,,,,,0,0,123.92897
108284.9874,-392698.0593,Hopper,24793,24793,,,8/5/1997,,1990,8,5,,"Hopper
1997/08/05
24793",209VENT_CO,24793.97,CA,1997,VNC,,Hopper,VNC,7/5/1997,7/12/1997,2,14,24793,,,,,,0,0,10033.76364
107962.914,-421357.6168,Autumn,47,47,,,7/22/1997,,1990,7,22,,"Autumn
1997/07/22
47",,46.855,CA,1997,VNC,,Autumn,VNC,,,0,0,0,,,,,,0,0,18.96162274
89456.31225,-417541.729,Alosta,81,81,,,9/8/1997,,1990,9,8,,"Alosta
1997/09/08
81",,81.261,CA,1997,VNC,,Alosta,VNC,,,0,0,0,,,,,,0,0,32.88503271
102619.8605,-397034.8489,Piru Incident,12613,12613,,,10/18/1998,,1990,10,18,,"Piru Incident
1998/10/18
12613",VNC27848,12611.124,CA,1998,VNC,99027848,Piru Incident,VNC,10/18/1998,10/22/1998,6,2,12611,,,,,,0,0,5103.540952
110844.7384,-425633.9469,North Ranch,108,108,,,8/14/1998,,1990,8,14,,"North Ranch
1998/08/14
108",,107.96,CA,1998,VNC,,Ranch,VNC,8/14/1998,8/14/1998,6,2,107,,,,,,0,0,43.68984823
116599.3758,-423747.0958,Shepherds Flat,1750,1158,,,1/14/1999,,1990,1,14,Rx,"Shepherds Flat
1999/01/14
1750",Rx-3-033-VNC,1158.969,CA,1999,VNC,,Shepherds Flat,VNC,,,0,0,0,,,,,,0,0,469.0181363
116423.8469,-395041.3321,Holser Incident,2525,2525,,,7/17/1999,,1990,7,17,,"Holser Incident
1999/07/17
2525",VNC99018889,2525.785,CA,1999,VNC,99018889,Holser Incident,VNC,7/17/1999,7/18/1990,2,9,2525,,,,,,0,0,1022.149024
124765.5835,-414867.3205,Kuehner Incident,240,244,,,7/26/1999,,1990,7,26,,"Kuehner Incident
1999/07/26
240",VNC99029796,244.153,CA,1999,VNC,99029796,Kuehner Incident,VNC,7/26/1999,7/26/1999,2,8,244,,,,,,0,0,98.80533022
81387.39164,-414160.2476,South Mountain,450,117,,,11/4/1998,,1990,11,4,Rx,"South Mountain
1998/11/04
450",Rx-3-022-VNC,116.983,CA,1998,VNC,,South Mountain,VNC,,,0,0,0,,,,,,0,0,47.34119329
74781.19313,-402870.0083,Sloan,3000,3441,Ongoing,,1/25/2002,,2000,1,25,Rx,"Sloan
2002/01/25
3000",Rx-3-021-VNC,3441.013,CA,2002,VNC,,Sloan,VNC,,,0,0,0,,,,,,0,0,1392.528434
106500.4077,-398982.8581,Hopper,1500,1500,,,8/5/1997,,1990,8,5,Rx,"Hopper
1997/08/05
1500",Rx-3-026-VNC,1546.361,CA,1997,VNC,,Hopper,VNC,,,0,0,0,,,,,,0,0,625.7902007
77940.00114,-394792.5742,Ranch Incident,4271,4020,,,12/21/1999,,1990,12,21,,"Ranch Incident
1999/12/21
4371",VNC99034249,4020.076,CA,1999,VNC,99034249,Ranch Incident,VNC,12/21/1999,,2,8,4020,,,,,,0,0,1626.867015
88219.86864,-411129.5578,Bradley Incident,3332,3332,,,12/4/1999,,1990,12,4,,"Bradley Incident
1999/12/04
3332",VNC99032372,3331.849,CA,1999,VNC,99032372,Bradley Incident,VNC,12/4/1999,12/4/1999,2,11,3331,,,,,,0,0,1348.351277
69102.36606,-400832.08,Creek Incident,80,77,,,9/6/2000,,2000,9,6,,"Creek Incident
2000/09/06
80",VNC00023472,77.226,CA,2000,VNC,23472,Creek Incident,VNC,,,0,0,0,,,,,,0,0,31.25228287
66837.53336,-399444.7693,Kenewa Incident,80,80,,,8/23/2000,,2000,8,23,,"Kenewa Incident
2000/08/23
80",VNC00022152,80.017,CA,2000,VNC,22152,Kenewa Incident,VNC,,,0,0,0,,,,,,0,0,32.38183415
110138.4872,-421050.9007,Westlake Incident,278,278,,,6/29/2001,,2000,6,29,,"Westlake Incident
2001/06/29
278",VNC1033337,278.601,CA,2001,VNC,1033337,Westlake Incident,VNC,6/29/2001,6/29/2001,6,8,278,,,,,,0,0,112.7458184
114292.4217,-397471.594,Piru Incident,65,65,,,6/22/2001,,2000,6,22,,"Piru Incident
2001/06/22
65",VNC1031865,65.321,CA,2001,VNC,1031865,Piru Incident,VNC,,,0,0,0,,,,,,0,0,26.43439276
103407.0435,-411783.399,Walnut Incident,36,36,,,7/10/2001,,2000,7,10,,"Walnut Incident
2001/07/10
36",VNC1035777,36.431,CA,2001,VNC,1035777,Walnut Incident,VNC,,,0,0,0,,,,,,0,0,14.74324783
67458.80477,-398480.4334,Creek Incident,28,28,,,9/30/2001,,2000,9,30,,"Creek Incident
2001/09/30
28",VNC1052068,28.31,CA,2001,VNC,1052068,Creek Incident,VNC,,,0,0,0,,,,,,0,0,11.45658703
77596.53201,-406247.8482,Leslie,1087,1087,,,6/17/1999,,1990,6,17,Rx,"Leslie
1999/06/17
1087",Rx-3-027-VNC,1087.037,CA,1999,VNC,,Leslie,VNC,,,0,0,0,,,,,,0,0,439.9081095
79552.95593,-407610.5729,Leslie,566,566,,,10/29/1999,,1990,10,29,Rx,"Leslie
1999/10/29
566",Rx-3-027-VNC,565.994,CA,1999,VNC,,Leslie,VNC,,,0,0,0,,,,,,0,0,229.0497143
107731.7603,-424050.9435,Kevington,142,142,,,3/14/2002,,2000,3,14,Rx,"Kevington
2002/03/14
142",Rx-3-028-VNC,141.932,CA,2002,VNC,,Kevington,VNC,,,0,0,0,,,,,,0,0,57.43799494
70702.6622,-379893.2208,Wolf Incident,21638,21638,,,6/1/2002,,2000,6,1,,"Wolf Incident
2002/06/01
21638",VNC2039434,21637.93,CA,2002,VNC,2039434,Wolf Incident,VNC,6/1/2002,,2,9,21637,,,,,,0,0,8756.559642
75114.5892,-403739.9057,Sloan Rx,1215,1261,,,2/22/2002,,2000,2,22,,"Sloan Rx
2002/02/22
1215",Rx-3-021VNC,1260.478,CA,2002,VNC,,Sloan Rx,VNC,,,0,0,0,,,,,,0,0,510.0972179
90541.37739,-430955.3038,Sycamore Incident,100,77,,,3/28/2003,,2000,3,28,,"Sycamore Incident
2003/03/28
100",VNC3024489,77.316,CA,2003,VNC,3024489,Sycamore Incident,VNC,3/28/2003,3/28/2003,6,11,77,,,,,,0,0,31.28879285
104378.0418,-391430.3217,Piru Fire,63720,63722,,,10/23/2003,,2000,10,23,,"Piru Fire
2003/10/23
63720",CA-LPF-2142/VNC3080074,63722.156,CA,2003,VNC,3080074,Piru Fire,VNC,10/23/2003,,6,2,63721,,,,,,0,0,25787.4415
109663.4074,-408232.9117,Simi Fire,107560,107559,,,10/26/2003,,2000,10,25,,"Simi Fire
2003/10/25
107560",VNC3080724,107559.291,CA,2003,VNC,3080724,Simi Fire,VNC,10/25/2003,11/1/2003,2,9,107559,,,,,,0,0,43527.70074
117990.1744,-397677.1491,Verdale Fire,8485,8488,,,10/24/2003,,2000,10,24,,"Verdale Fire
2003/10/24
8485",VNC3079837,8488.335,CA,2003,VNC,3079837,Verdale Fire,VNC,10/24/2003,10/28/2003,6,7,8488,,,,,,0,0,3435.10719
83032.00436,-400828.0175,Adams Canyon Phase 1,1415,1238,,,9/3/2003,,2000,9,3,Rx,"Adams Canyon Phase 1
2003/09/03
1415",RX-South-029-VNC,1238.433,CA,2003,VNC,,Adams Canyon Phase I,VNC,,,0,0,0,,,,,,0,0,501.1759863
56666.27064,-404996.127,Haley,330,251,,,11/19/2003,,2000,11,19,Rx,"Haley
2003/11/19
330",RX-South-036-VNC,251.241,CA,2003,VNC,,Haley,VNC,,,0,0,0,,,,,,0,0,101.6734681
85630.15337,-398833.0232,Frost,2081,2081,,,11/21/1999,,1990,11,21,Rx,"Frost
1999/11/21
2081",Rx-0-099-VNC,2081.439,CA,1999,VNC,,Frost,VNC,,,0,0,0,,,,,,0,0,842.3284985
85508.10328,-399560.0712,Frost 2,569,569,,,11/6/2000,,2000,11,6,Rx,"Frost 2
2000/11/06
569",,568.766,CA,2000,VNC,,Frost 2,VNC,,,0,0,0,,,,,,0,0,230.1713964
81174.63438,-396225.7952,Koenigstein,35,40,,,4/26/2004,,2000,4,26,,"Koenigstein
2004/04/26
35",VNC04032497,40.228,CA,2004,VNC,4032497,Koenigstein Incident,VNC,4/26/2004,4/26/2004,0,0,35,,,,,,0,0,16.27957089
95287.01641,-423880.7072,Wendy Incident,120,120,,,8/24/2004,4066752,2000,8,24,,"Wendy Incident
2004/08/24
120",,120.932,CA,2004,VNC,4066772,Wendy Incident,VNC,8/24/2004,8/24/2004,2,10,120,,,,,,0,0,48.93952313
119141.3181,-420938.6831,Topanga Incident,24175,24173,"19,748 ac.  VNC",,9/28/2005,CA-LAC-208724,2000,9,28,,"Topanga Incident
2005/09/28
24175",,24173.814,CA,2005,VNC,,Topanga Incident,VNC,9/28/2005,10/11/2005,2,10,24175,,,,,,0,0,9782.795546
67796.95465,-411893.0689,School Incident,3900,3892,,,11/20/2005,CA-VNC-5101786,2000,11,20,,"School Incident
2005/11/20
3900",,3891.861,CA,2005,VNC,,School Incident,VNC,11/18/2005,11/21/2005,2,11,3900,,,,,,0,0,1574.980352
81518.46885,-402879.8323,Adama Canyon Phase I,700,671,,,8/10/2005,,2000,8,10,Rx,8/10/2005,RX-SOUTH-039-VNC,671.403,CA,2005,VNC,,Adams Canyon Phase II,VNC,,,7,0,700,,,Adams Canyon Phase II,8/10/2005,8/10/2005,3,2,271.7071909
105221.9705,-430843.4922,Sherwood Incident,168,168,,,7/6/2006,VNC 06060649,2000,7,6,,,,167.951,CA,2006,VNC,6060649,Sherwood Incident,VNC,7/6/2006,7/9/2006,0,0,0,,,,,,0,0,67.9674852
99173.07639,-378048.3717,Day Fire,162705,161815,,,Day Fire,CA-LPF-2023,2000,9,4,,,CA-LPF-2023,161791.526,CA,2006,VNC,,Day Fire,LPF,9/4/2006,10/13/2006,0,0,162705,,,,1899/12/30,1899/12/30,0,0,65474.70754
102789.7202,-409093.1316,Shekell Fire,13600,13616,,,12/3/2006,VNC 07-003565,2000,12,3,,,,13616.721,CA,2006,VNC,,Shekell Fire,VNC,1899/12/30,1899/12/30,0,0,0,,,,1899/12/30,1899/12/30,0,0,5510.491322
117651.5035,-416876.4902,Sequoia Incident,0,345,,,,,2000,12,8,,,,345.286,,2006,,,,VNC,1899/12/30,1899/12/30,0,0,0,,,,1899/12/30,1899/12/30,0,0,139.7323745
106512.8084,-427747.9741,Foothill Incident,80,56,,,,VNC 07-0003788,2000,1,23,,,,55.618,CA,2007,VNC,,Foothill Incident,VNC,1899/12/30,1899/12/30,0,0,0,,,,1899/12/30,1899/12/30,0,0,22.50768978
37153.62762,-369380.1505,Zaca Fire,240207,0,,,7/4/2007,,2000,7,4,,,,237255.338,CA,2007,,,,SBC,1899/12/30,1899/12/30,0,0,0,,,,1899/12/30,1899/12/30,0,0,96013.82881
61676.8845,-410239.5657,Shell,78,73,,,7/21/2009,VNC 09-0041555,2000,7,21,,Shell Fire,VNC-0041555,73,CA,2009,VNC,41555,Shell Fire,VNC,7/20/2009,7/22/2009,0,0,0,,,,1899/12/30,1899/12/30,0,0,29.37
60631.81147,-408807.8,Vintage Incident,130,130,,,8/14/2009,VNC 09-0046613,2000,8,14,,Vintage Fire,VNC-0046613,130.01,CA,2009,VNC,46613,Vintage Fire,VNC,8/14/2009,8/14/2009,0,0,0,,,,1899/12/30,1899/12/30,0,0,52.6
119348.0946,-389370.0642,Ranch,54716,58410,,,10/20/2007,,2000,10,20,,Ranch,,58410.344,CA,2007,,,,USF,1899/12/30,1899/12/30,7,2,54716,166,,,1899/12/30,1899/12/30,0,0,0
104938.823,-403377.4281,,6,6,Walked Perimeter,,9/11/2009,VNC 09-0052554,2000,9,11,,Guiberson,,5.616,CA,2009,,,,VNC,,,0,0,5.6,52554,,,,,0,0,0
88662.0007,-436143.2249,La Jolla,22,22,Walked Perimeter,,10/16/2008,VNC 09-0054055,2000,10,16,,La Jolla,,0,CA,2008,,,,VNC,1899/12/30,1899/12/30,0,0,22,,,,,,0,0,0
101793.0436,-406758.4899,Guiberson Incident,17500,17494,,,9/22/2009,,2000,9,22,,Guiberson Incident,VNC054871,17493.962,CA,2009,VNC,,Guiberson Incident,VNC,9/22/2009,1899/12/30,0,0,17500,,,,1899/12/30,1899/12/30,0,0,7078.057175
